자치구,연도,범죄유형,구분,건수
종로구,2014,소계,발생,5021
종로구,2014,소계,검거,4610
종로구,2014,살인,발생,3
종로구,2014,살인,검거,7
종로구,2014,강도,발생,12
종로구,2014,강도,검거,15
종로구,2014,강간·강제추행,발생,226
종로구,2014,강간·강제추행,검거,948
종로구,2014,절도,발생,2272
종로구,2014,절도,검거,1281
종로구,2014,폭력,발생,2508
종로구,2014,폭력,검거,2359
종로구,2015,소계,발생,4705
종로구,2015,소계,검거,4430
종로구,2015,살인,발생,6
종로구,2015,살인,검거,8
종로구,2015,강도,발생,11
종로구,2015,강도,검거,13
종로구,2015,강간·강제추행,발생,211
종로구,2015,강간·강제추행,검거,1139
종로구,2015,절도,발생,2184
종로구,2015,절도,검거,1145
종로구,2015,폭력,발생,2293
종로구,2015,폭력,검거,2125
종로구,2016,소계,발생,4459
종로구,2016,소계,검거,4298
종로구,2016,살인,발생,6
종로구,2016,살인,검거,5
종로구,2016,강도,발생,12
종로구,2016,강도,검거,14
종로구,2016,강간·강제추행,발생,238
종로구,2016,강간·강제추행,검거,1106
종로구,2016,절도,발생,1940
종로구,2016,절도,검거,1020
종로구,2016,폭력,발생,2263
종로구,2016,폭력,검거,2153
종로구,2017,소계,발생,4057
종로구,2017,소계,검거,4437
종로구,2017,살인,발생,7
종로구,2017,살인,검거,9
종로구,2017,강도,발생,10
종로구,2017,강도,검거,15
종로구,2017,강간·강제추행,발생,253
종로구,2017,강간·강제추행,검거,1412
종로구,2017,절도,발생,1644
종로구,2017,절도,검거,905
종로구,2017,폭력,발생,2143
종로구,2017,폭력,검거,2096
종로구,2018,소계,발생,3690
종로구,2018,소계,검거,3913
종로구,2018,살인,발생,6
종로구,2018,살인,검거,7
종로구,2018,강도,발생,3
종로구,2018,강도,검거,7
종로구,2018,강간·강제추행,발생,236
종로구,2018,강간·강제추행,검거,1100
종로구,2018,절도,발생,1483
종로구,2018,절도,검거,969
종로구,2018,폭력,발생,1962
종로구,2018,폭력,검거,1830
종로구,2019,소계,발생,3846
종로구,2019,소계,검거,4117
종로구,2019,살인,발생,4
종로구,2019,살인,검거,5
종로구,2019,강도,발생,7
종로구,2019,강도,검거,8
종로구,2019,강간·강제추행,발생,238
종로구,2019,강간·강제추행,검거,1143
종로구,2019,절도,발생,1515
종로구,2019,절도,검거,1069
종로구,2019,폭력,발생,2082
종로구,2019,폭력,검거,1892
종로구,2020,소계,발생,3102
종로구,2020,소계,검거,3343
종로구,2020,살인,발생,9
종로구,2020,살인,검거,7
종로구,2020,강도,발생,7
종로구,2020,강도,검거,9
종로구,2020,강간·강제추행,발생,192
종로구,2020,강간·강제추행,검거,855
종로구,2020,절도,발생,1183
종로구,2020,절도,검거,944
종로구,2020,폭력,발생,1711
종로구,2020,폭력,검거,1528
종로구,2021,소계,발생,2712
종로구,2021,소계,검거,2755
종로구,2021,살인,발생,6
종로구,2021,살인,검거,3
종로구,2021,강도,발생,4
종로구,2021,강도,검거,4
종로구,2021,강간·강제추행,발생,156
종로구,2021,강간·강제추행,검거,757
종로구,2021,절도,발생,1079
종로구,2021,절도,검거,743
종로구,2021,폭력,발생,1467
종로구,2021,폭력,검거,1248
종로구,2022,소계,발생,3138
종로구,2022,소계,검거,3284
종로구,2022,살인,발생,2
종로구,2022,살인,검거,3
종로구,2022,강도,발생,8
종로구,2022,강도,검거,8
종로구,2022,강간·강제추행,발생,228
종로구,2022,강간·강제추행,검거,988
종로구,2022,절도,발생,1313
종로구,2022,절도,검거,932
종로구,2022,폭력,발생,1587
종로구,2022,폭력,검거,1353
종로구,2023,소계,발생,2981
종로구,2023,소계,검거,3485
종로구,2023,살인,발생,5
종로구,2023,살인,검거,6
종로구,2023,강도,발생,5
종로구,2023,강도,검거,7
종로구,2023,강간·강제추행,발생,239
종로구,2023,강간·강제추행,검거,1138
종로구,2023,절도,발생,1169
종로구,2023,절도,검거,953
종로구,2023,폭력,발생,1563
종로구,2023,폭력,검거,1381
종로구,2024,소계,발생,2765
종로구,2024,소계,검거,3248
종로구,2024,살인,발생,2
종로구,2024,살인,검거,3
종로구,2024,강도,발생,5
종로구,2024,강도,검거,10
종로구,2024,강간·강제추행,발생,209
종로구,2024,강간·강제추행,검거,933
종로구,2024,절도,발생,1183
종로구,2024,절도,검거,1056
종로구,2024,폭력,발생,1366
종로구,2024,폭력,검거,1246
중구,2014,소계,발생,5231
중구,2014,소계,검거,3188
중구,2014,살인,발생,6
중구,2014,살인,검거,5
중구,2014,강도,발생,13
중구,2014,강도,검거,13
중구,2014,강간·강제추행,발생,221
중구,2014,강간·강제추행,검거,161
중구,2014,절도,발생,2576
중구,2014,절도,검거,887
중구,2014,폭력,발생,2415
중구,2014,폭력,검거,2122
중구,2015,소계,발생,4954
중구,2015,소계,검거,2942
중구,2015,살인,발생,3
중구,2015,살인,검거,2
중구,2015,강도,발생,9
중구,2015,강도,검거,6
중구,2015,강간·강제추행,발생,170
중구,2015,강간·강제추행,검거,111
중구,2015,절도,발생,2548
중구,2015,절도,검거,859
중구,2015,폭력,발생,2224
중구,2015,폭력,검거,1964
중구,2016,소계,발생,4584
중구,2016,소계,검거,3068
중구,2016,살인,발생,3
중구,2016,살인,검거,3
중구,2016,강도,발생,8
중구,2016,강도,검거,7
중구,2016,강간·강제추행,발생,198
중구,2016,강간·강제추행,검거,148
중구,2016,절도,발생,2150
중구,2016,절도,검거,914
중구,2016,폭력,발생,2225
중구,2016,폭력,검거,1996
중구,2017,소계,발생,4184
중구,2017,소계,검거,2851
중구,2017,살인,발생,1
중구,2017,살인,검거,0
중구,2017,강도,발생,9
중구,2017,강도,검거,9
중구,2017,강간·강제추행,발생,267
중구,2017,강간·강제추행,검거,149
중구,2017,절도,발생,1846
중구,2017,절도,검거,889
중구,2017,폭력,발생,2061
중구,2017,폭력,검거,1804
중구,2018,소계,발생,4030
중구,2018,소계,검거,2679
중구,2018,살인,발생,2
중구,2018,살인,검거,2
중구,2018,강도,발생,11
중구,2018,강도,검거,11
중구,2018,강간·강제추행,발생,207
중구,2018,강간·강제추행,검거,115
중구,2018,절도,발생,1855
중구,2018,절도,검거,832
중구,2018,폭력,발생,1955
중구,2018,폭력,검거,1719
중구,2019,소계,발생,4327
중구,2019,소계,검거,2804
중구,2019,살인,발생,2
중구,2019,살인,검거,1
중구,2019,강도,발생,6
중구,2019,강도,검거,5
중구,2019,강간·강제추행,발생,195
중구,2019,강간·강제추행,검거,115
중구,2019,절도,발생,2202
중구,2019,절도,검거,1050
중구,2019,폭력,발생,1922
중구,2019,폭력,검거,1633
중구,2020,소계,발생,3411
중구,2020,소계,검거,2323
중구,2020,살인,발생,2
중구,2020,살인,검거,2
중구,2020,강도,발생,5
중구,2020,강도,검거,6
중구,2020,강간·강제추행,발생,186
중구,2020,강간·강제추행,검거,128
중구,2020,절도,발생,1642
중구,2020,절도,검거,863
중구,2020,폭력,발생,1576
중구,2020,폭력,검거,1324
중구,2021,소계,발생,2861
중구,2021,소계,검거,2072
중구,2021,살인,발생,6
중구,2021,살인,검거,6
중구,2021,강도,발생,6
중구,2021,강도,검거,6
중구,2021,강간·강제추행,발생,161
중구,2021,강간·강제추행,검거,97
중구,2021,절도,발생,1279
중구,2021,절도,검거,739
중구,2021,폭력,발생,1409
중구,2021,폭력,검거,1224
중구,2022,소계,발생,3071
중구,2022,소계,검거,2119
중구,2022,살인,발생,1
중구,2022,살인,검거,2
중구,2022,강도,발생,5
중구,2022,강도,검거,4
중구,2022,강간·강제추행,발생,194
중구,2022,강간·강제추행,검거,123
중구,2022,절도,발생,1365
중구,2022,절도,검거,724
중구,2022,폭력,발생,1506
중구,2022,폭력,검거,1266
중구,2023,소계,발생,3348
중구,2023,소계,검거,2465
중구,2023,살인,발생,3
중구,2023,살인,검거,3
중구,2023,강도,발생,6
중구,2023,강도,검거,5
중구,2023,강간·강제추행,발생,212
중구,2023,강간·강제추행,검거,144
중구,2023,절도,발생,1520
중구,2023,절도,검거,864
중구,2023,폭력,발생,1607
중구,2023,폭력,검거,1449
중구,2024,소계,발생,2955
중구,2024,소계,검거,2180
중구,2024,살인,발생,5
중구,2024,살인,검거,4
중구,2024,강도,발생,5
중구,2024,강도,검거,5
중구,2024,강간·강제추행,발생,177
중구,2024,강간·강제추행,검거,121
중구,2024,절도,발생,1398
중구,2024,절도,검거,816
중구,2024,폭력,발생,1370
중구,2024,폭력,검거,1234
용산구,2014,소계,발생,3799
용산구,2014,소계,검거,2340
용산구,2014,살인,발생,1
용산구,2014,살인,검거,2
용산구,2014,강도,발생,7
용산구,2014,강도,검거,7
용산구,2014,강간·강제추행,발생,213
용산구,2014,강간·강제추행,검거,169
용산구,2014,절도,발생,1560
용산구,2014,절도,검거,522
용산구,2014,폭력,발생,2018
용산구,2014,폭력,검거,1640
용산구,2015,소계,발생,3820
용산구,2015,소계,검거,2483
용산구,2015,살인,발생,5
용산구,2015,살인,검거,5
용산구,2015,강도,발생,14
용산구,2015,강도,검거,14
용산구,2015,강간·강제추행,발생,194
용산구,2015,강간·강제추행,검거,173
용산구,2015,절도,발생,1557
용산구,2015,절도,검거,587
용산구,2015,폭력,발생,2050
용산구,2015,폭력,검거,1704
용산구,2016,소계,발생,4137
용산구,2016,소계,검거,2835
용산구,2016,살인,발생,4
용산구,2016,살인,검거,4
용산구,2016,강도,발생,9
용산구,2016,강도,검거,10
용산구,2016,강간·강제추행,발생,251
용산구,2016,강간·강제추행,검거,214
용산구,2016,절도,발생,1489
용산구,2016,절도,검거,599
용산구,2016,폭력,발생,2384
용산구,2016,폭력,검거,2008
용산구,2017,소계,발생,4060
용산구,2017,소계,검거,2936
용산구,2017,살인,발생,1
용산구,2017,살인,검거,1
용산구,2017,강도,발생,5
용산구,2017,강도,검거,4
용산구,2017,강간·강제추행,발생,327
용산구,2017,강간·강제추행,검거,289
용산구,2017,절도,발생,1346
용산구,2017,절도,검거,626
용산구,2017,폭력,발생,2381
용산구,2017,폭력,검거,2016
용산구,2018,소계,발생,3411
용산구,2018,소계,검거,2543
용산구,2018,살인,발생,1
용산구,2018,살인,검거,1
용산구,2018,강도,발생,3
용산구,2018,강도,검거,2
용산구,2018,강간·강제추행,발생,331
용산구,2018,강간·강제추행,검거,285
용산구,2018,절도,발생,1096
용산구,2018,절도,검거,522
용산구,2018,폭력,발생,1980
용산구,2018,폭력,검거,1733
용산구,2019,소계,발생,3313
용산구,2019,소계,검거,2611
용산구,2019,살인,발생,3
용산구,2019,살인,검거,3
용산구,2019,강도,발생,3
용산구,2019,강도,검거,4
용산구,2019,강간·강제추행,발생,272
용산구,2019,강간·강제추행,검거,237
용산구,2019,절도,발생,999
용산구,2019,절도,검거,544
용산구,2019,폭력,발생,2036
용산구,2019,폭력,검거,1823
용산구,2020,소계,발생,2969
용산구,2020,소계,검거,2056
용산구,2020,살인,발생,5
용산구,2020,살인,검거,3
용산구,2020,강도,발생,6
용산구,2020,강도,검거,6
용산구,2020,강간·강제추행,발생,230
용산구,2020,강간·강제추행,검거,186
용산구,2020,절도,발생,1111
용산구,2020,절도,검거,534
용산구,2020,폭력,발생,1617
용산구,2020,폭력,검거,1327
용산구,2021,소계,발생,2381
용산구,2021,소계,검거,1659
용산구,2021,살인,발생,3
용산구,2021,살인,검거,2
용산구,2021,강도,발생,1
용산구,2021,강도,검거,1
용산구,2021,강간·강제추행,발생,141
용산구,2021,강간·강제추행,검거,103
용산구,2021,절도,발생,945
용산구,2021,절도,검거,484
용산구,2021,폭력,발생,1291
용산구,2021,폭력,검거,1069
용산구,2022,소계,발생,2967
용산구,2022,소계,검거,2093
용산구,2022,살인,발생,5
용산구,2022,살인,검거,3
용산구,2022,강도,발생,7
용산구,2022,강도,검거,7
용산구,2022,강간·강제추행,발생,280
용산구,2022,강간·강제추행,검거,238
용산구,2022,절도,발생,978
용산구,2022,절도,검거,508
용산구,2022,폭력,발생,1697
용산구,2022,폭력,검거,1337
용산구,2023,소계,발생,3021
용산구,2023,소계,검거,2268
용산구,2023,살인,발생,3
용산구,2023,살인,검거,4
용산구,2023,강도,발생,3
용산구,2023,강도,검거,3
용산구,2023,강간·강제추행,발생,245
용산구,2023,강간·강제추행,검거,219
용산구,2023,절도,발생,978
용산구,2023,절도,검거,561
용산구,2023,폭력,발생,1792
용산구,2023,폭력,검거,1481
용산구,2024,소계,발생,3322
용산구,2024,소계,검거,2475
용산구,2024,살인,발생,10
용산구,2024,살인,검거,6
용산구,2024,강도,발생,4
용산구,2024,강도,검거,3
용산구,2024,강간·강제추행,발생,267
용산구,2024,강간·강제추행,검거,235
용산구,2024,절도,발생,1082
용산구,2024,절도,검거,589
용산구,2024,폭력,발생,1959
용산구,2024,폭력,검거,1642
성동구,2014,소계,발생,3582
성동구,2014,소계,검거,2048
성동구,2014,살인,발생,1
성동구,2014,살인,검거,1
성동구,2014,강도,발생,5
성동구,2014,강도,검거,6
성동구,2014,강간·강제추행,발생,141
성동구,2014,강간·강제추행,검거,103
성동구,2014,절도,발생,1753
성동구,2014,절도,검거,529
성동구,2014,폭력,발생,1682
성동구,2014,폭력,검거,1409
성동구,2015,소계,발생,3358
성동구,2015,소계,검거,2123
성동구,2015,살인,발생,4
성동구,2015,살인,검거,4
성동구,2015,강도,발생,9
성동구,2015,강도,검거,8
성동구,2015,강간·강제추행,발생,126
성동구,2015,강간·강제추행,검거,119
성동구,2015,절도,발생,1607
성동구,2015,절도,검거,597
성동구,2015,폭력,발생,1612
성동구,2015,폭력,검거,1395
성동구,2016,소계,발생,3026
성동구,2016,소계,검거,2392
성동구,2016,살인,발생,4
성동구,2016,살인,검거,5
성동구,2016,강도,발생,3
성동구,2016,강도,검거,5
성동구,2016,강간·강제추행,발생,104
성동구,2016,강간·강제추행,검거,78
성동구,2016,절도,발생,1296
성동구,2016,절도,검거,896
성동구,2016,폭력,발생,1619
성동구,2016,폭력,검거,1408
성동구,2017,소계,발생,2767
성동구,2017,소계,검거,2031
성동구,2017,살인,발생,1
성동구,2017,살인,검거,1
성동구,2017,강도,발생,3
성동구,2017,강도,검거,3
성동구,2017,강간·강제추행,발생,132
성동구,2017,강간·강제추행,검거,106
성동구,2017,절도,발생,1072
성동구,2017,절도,검거,543
성동구,2017,폭력,발생,1559
성동구,2017,폭력,검거,1378
성동구,2018,소계,발생,2457
성동구,2018,소계,검거,1787
성동구,2018,살인,발생,2
성동구,2018,살인,검거,2
성동구,2018,강도,발생,5
성동구,2018,강도,검거,8
성동구,2018,강간·강제추행,발생,126
성동구,2018,강간·강제추행,검거,102
성동구,2018,절도,발생,999
성동구,2018,절도,검거,487
성동구,2018,폭력,발생,1325
성동구,2018,폭력,검거,1188
성동구,2019,소계,발생,2512
성동구,2019,소계,검거,1838
성동구,2019,살인,발생,6
성동구,2019,살인,검거,5
성동구,2019,강도,발생,9
성동구,2019,강도,검거,10
성동구,2019,강간·강제추행,발생,133
성동구,2019,강간·강제추행,검거,96
성동구,2019,절도,발생,970
성동구,2019,절도,검거,511
성동구,2019,폭력,발생,1394
성동구,2019,폭력,검거,1216
성동구,2020,소계,발생,2362
성동구,2020,소계,검거,1774
성동구,2020,살인,발생,5
성동구,2020,살인,검거,5
성동구,2020,강도,발생,3
성동구,2020,강도,검거,3
성동구,2020,강간·강제추행,발생,115
성동구,2020,강간·강제추행,검거,98
성동구,2020,절도,발생,1016
성동구,2020,절도,검거,565
성동구,2020,폭력,발생,1223
성동구,2020,폭력,검거,1103
성동구,2021,소계,발생,2112
성동구,2021,소계,검거,1510
성동구,2021,살인,발생,3
성동구,2021,살인,검거,4
성동구,2021,강도,발생,4
성동구,2021,강도,검거,1
성동구,2021,강간·강제추행,발생,110
성동구,2021,강간·강제추행,검거,82
성동구,2021,절도,발생,905
성동구,2021,절도,검거,497
성동구,2021,폭력,발생,1090
성동구,2021,폭력,검거,926
성동구,2022,소계,발생,2194
성동구,2022,소계,검거,1597
성동구,2022,살인,발생,2
성동구,2022,살인,검거,2
성동구,2022,강도,발생,2
성동구,2022,강도,검거,2
성동구,2022,강간·강제추행,발생,125
성동구,2022,강간·강제추행,검거,97
성동구,2022,절도,발생,979
성동구,2022,절도,검거,538
성동구,2022,폭력,발생,1086
성동구,2022,폭력,검거,958
성동구,2023,소계,발생,2023
성동구,2023,소계,검거,1411
성동구,2023,살인,발생,2
성동구,2023,살인,검거,1
성동구,2023,강도,발생,2
성동구,2023,강도,검거,2
성동구,2023,강간·강제추행,발생,119
성동구,2023,강간·강제추행,검거,85
성동구,2023,절도,발생,893
성동구,2023,절도,검거,472
성동구,2023,폭력,발생,1007
성동구,2023,폭력,검거,851
성동구,2024,소계,발생,2117
성동구,2024,소계,검거,1510
성동구,2024,살인,발생,5
성동구,2024,살인,검거,6
성동구,2024,강도,발생,3
성동구,2024,강도,검거,3
성동구,2024,강간·강제추행,발생,114
성동구,2024,강간·강제추행,검거,90
성동구,2024,절도,발생,966
성동구,2024,절도,검거,544
성동구,2024,폭력,발생,1029
성동구,2024,폭력,검거,867
광진구,2014,소계,발생,6268
광진구,2014,소계,검거,3531
광진구,2014,살인,발생,8
광진구,2014,살인,검거,9
광진구,2014,강도,발생,16
광진구,2014,강도,검거,22
광진구,2014,강간·강제추행,발생,249
광진구,2014,강간·강제추행,검거,199
광진구,2014,절도,발생,3167
광진구,2014,절도,검거,1001
광진구,2014,폭력,발생,2828
광진구,2014,폭력,검거,2300
광진구,2015,소계,발생,5909
광진구,2015,소계,검거,3707
광진구,2015,살인,발생,4
광진구,2015,살인,검거,4
광진구,2015,강도,발생,14
광진구,2015,강도,검거,26
광진구,2015,강간·강제추행,발생,240
광진구,2015,강간·강제추행,검거,220
광진구,2015,절도,발생,3026
광진구,2015,절도,검거,1277
광진구,2015,폭력,발생,2625
광진구,2015,폭력,검거,2180
광진구,2016,소계,발생,5322
광진구,2016,소계,검거,3312
광진구,2016,살인,발생,4
광진구,2016,살인,검거,4
광진구,2016,강도,발생,11
광진구,2016,강도,검거,6
광진구,2016,강간·강제추행,발생,279
광진구,2016,강간·강제추행,검거,234
광진구,2016,절도,발생,2636
광진구,2016,절도,검거,1057
광진구,2016,폭력,발생,2392
광진구,2016,폭력,검거,2011
광진구,2017,소계,발생,4646
광진구,2017,소계,검거,3289
광진구,2017,살인,발생,6
광진구,2017,살인,검거,5
광진구,2017,강도,발생,13
광진구,2017,강도,검거,8
광진구,2017,강간·강제추행,발생,261
광진구,2017,강간·강제추행,검거,208
광진구,2017,절도,발생,2220
광진구,2017,절도,검거,1168
광진구,2017,폭력,발생,2146
광진구,2017,폭력,검거,1900
광진구,2018,소계,발생,3915
광진구,2018,소계,검거,2789
광진구,2018,살인,발생,7
광진구,2018,살인,검거,5
광진구,2018,강도,발생,2
광진구,2018,강도,검거,1
광진구,2018,강간·강제추행,발생,229
광진구,2018,강간·강제추행,검거,184
광진구,2018,절도,발생,1769
광진구,2018,절도,검거,974
광진구,2018,폭력,발생,1908
광진구,2018,폭력,검거,1625
광진구,2019,소계,발생,4011
광진구,2019,소계,검거,2816
광진구,2019,살인,발생,4
광진구,2019,살인,검거,5
광진구,2019,강도,발생,6
광진구,2019,강도,검거,5
광진구,2019,강간·강제추행,발생,273
광진구,2019,강간·강제추행,검거,213
광진구,2019,절도,발생,1875
광진구,2019,절도,검거,1008
광진구,2019,폭력,발생,1853
광진구,2019,폭력,검거,1585
광진구,2020,소계,발생,3601
광진구,2020,소계,검거,2511
광진구,2020,살인,발생,2
광진구,2020,살인,검거,2
광진구,2020,강도,발생,4
광진구,2020,강도,검거,4
광진구,2020,강간·강제추행,발생,255
광진구,2020,강간·강제추행,검거,224
광진구,2020,절도,발생,1664
광진구,2020,절도,검거,874
광진구,2020,폭력,발생,1676
광진구,2020,폭력,검거,1407
광진구,2021,소계,발생,3087
광진구,2021,소계,검거,2202
광진구,2021,살인,발생,5
광진구,2021,살인,검거,3
광진구,2021,강도,발생,4
광진구,2021,강도,검거,4
광진구,2021,강간·강제추행,발생,208
광진구,2021,강간·강제추행,검거,161
광진구,2021,절도,발생,1414
광진구,2021,절도,검거,754
광진구,2021,폭력,발생,1456
광진구,2021,폭력,검거,1280
광진구,2022,소계,발생,3619
광진구,2022,소계,검거,2498
광진구,2022,살인,발생,6
광진구,2022,살인,검거,5
광진구,2022,강도,발생,0
광진구,2022,강도,검거,0
광진구,2022,강간·강제추행,발생,230
광진구,2022,강간·강제추행,검거,174
광진구,2022,절도,발생,1670
광진구,2022,절도,검거,831
광진구,2022,폭력,발생,1713
광진구,2022,폭력,검거,1488
광진구,2023,소계,발생,3424
광진구,2023,소계,검거,2333
광진구,2023,살인,발생,2
광진구,2023,살인,검거,2
광진구,2023,강도,발생,5
광진구,2023,강도,검거,3
광진구,2023,강간·강제추행,발생,238
광진구,2023,강간·강제추행,검거,178
광진구,2023,절도,발생,1616
광진구,2023,절도,검거,830
광진구,2023,폭력,발생,1563
광진구,2023,폭력,검거,1320
광진구,2024,소계,발생,2870
광진구,2024,소계,검거,2219
광진구,2024,살인,발생,2
광진구,2024,살인,검거,2
광진구,2024,강도,발생,6
광진구,2024,강도,검거,7
광진구,2024,강간·강제추행,발생,235
광진구,2024,강간·강제추행,검거,183
광진구,2024,절도,발생,1320
광진구,2024,절도,검거,942
광진구,2024,폭력,발생,1307
광진구,2024,폭력,검거,1085
동대문구,2014,소계,발생,4363
동대문구,2014,소계,검거,2882
동대문구,2014,살인,발생,12
동대문구,2014,살인,검거,11
동대문구,2014,강도,발생,13
동대문구,2014,강도,검거,8
동대문구,2014,강간·강제추행,발생,141
동대문구,2014,강간·강제추행,검거,112
동대문구,2014,절도,발생,1809
동대문구,2014,절도,검거,676
동대문구,2014,폭력,발생,2388
동대문구,2014,폭력,검거,2075
동대문구,2015,소계,발생,4720
동대문구,2015,소계,검거,3205
동대문구,2015,살인,발생,5
동대문구,2015,살인,검거,5
동대문구,2015,강도,발생,13
동대문구,2015,강도,검거,13
동대문구,2015,강간·강제추행,발생,173
동대문구,2015,강간·강제추행,검거,146
동대문구,2015,절도,발생,1981
동대문구,2015,절도,검거,814
동대문구,2015,폭력,발생,2548
동대문구,2015,폭력,검거,2227
동대문구,2016,소계,발생,4787
동대문구,2016,소계,검거,3623
동대문구,2016,살인,발생,5
동대문구,2016,살인,검거,5
동대문구,2016,강도,발생,10
동대문구,2016,강도,검거,12
동대문구,2016,강간·강제추행,발생,190
동대문구,2016,강간·강제추행,검거,158
동대문구,2016,절도,발생,1940
동대문구,2016,절도,검거,1071
동대문구,2016,폭력,발생,2642
동대문구,2016,폭력,검거,2377
동대문구,2017,소계,발생,3975
동대문구,2017,소계,검거,3274
동대문구,2017,살인,발생,11
동대문구,2017,살인,검거,10
동대문구,2017,강도,발생,3
동대문구,2017,강도,검거,5
동대문구,2017,강간·강제추행,발생,165
동대문구,2017,강간·강제추행,검거,149
동대문구,2017,절도,발생,1547
동대문구,2017,절도,검거,1017
동대문구,2017,폭력,발생,2249
동대문구,2017,폭력,검거,2093
동대문구,2018,소계,발생,3680
동대문구,2018,소계,검거,2968
동대문구,2018,살인,발생,2
동대문구,2018,살인,검거,2
동대문구,2018,강도,발생,5
동대문구,2018,강도,검거,4
동대문구,2018,강간·강제추행,발생,145
동대문구,2018,강간·강제추행,검거,112
동대문구,2018,절도,발생,1447
동대문구,2018,절도,검거,930
동대문구,2018,폭력,발생,2081
동대문구,2018,폭력,검거,1920
동대문구,2019,소계,발생,3692
동대문구,2019,소계,검거,2818
동대문구,2019,살인,발생,6
동대문구,2019,살인,검거,6
동대문구,2019,강도,발생,10
동대문구,2019,강도,검거,9
동대문구,2019,강간·강제추행,발생,168
동대문구,2019,강간·강제추행,검거,143
동대문구,2019,절도,발생,1531
동대문구,2019,절도,검거,827
동대문구,2019,폭력,발생,1977
동대문구,2019,폭력,검거,1833
동대문구,2020,소계,발생,3401
동대문구,2020,소계,검거,2465
동대문구,2020,살인,발생,10
동대문구,2020,살인,검거,8
동대문구,2020,강도,발생,6
동대문구,2020,강도,검거,5
동대문구,2020,강간·강제추행,발생,161
동대문구,2020,강간·강제추행,검거,142
동대문구,2020,절도,발생,1440
동대문구,2020,절도,검거,713
동대문구,2020,폭력,발생,1784
동대문구,2020,폭력,검거,1597
동대문구,2021,소계,발생,2959
동대문구,2021,소계,검거,2113
동대문구,2021,살인,발생,3
동대문구,2021,살인,검거,4
동대문구,2021,강도,발생,7
동대문구,2021,강도,검거,8
동대문구,2021,강간·강제추행,발생,169
동대문구,2021,강간·강제추행,검거,147
동대문구,2021,절도,발생,1240
동대문구,2021,절도,검거,659
동대문구,2021,폭력,발생,1540
동대문구,2021,폭력,검거,1295
동대문구,2022,소계,발생,3253
동대문구,2022,소계,검거,2231
동대문구,2022,살인,발생,4
동대문구,2022,살인,검거,4
동대문구,2022,강도,발생,2
동대문구,2022,강도,검거,2
동대문구,2022,강간·강제추행,발생,125
동대문구,2022,강간·강제추행,검거,106
동대문구,2022,절도,발생,1556
동대문구,2022,절도,검거,823
동대문구,2022,폭력,발생,1566
동대문구,2022,폭력,검거,1296
동대문구,2023,소계,발생,2957
동대문구,2023,소계,검거,2301
동대문구,2023,살인,발생,5
동대문구,2023,살인,검거,6
동대문구,2023,강도,발생,4
동대문구,2023,강도,검거,3
동대문구,2023,강간·강제추행,발생,146
동대문구,2023,강간·강제추행,검거,116
동대문구,2023,절도,발생,1280
동대문구,2023,절도,검거,847
동대문구,2023,폭력,발생,1522
동대문구,2023,폭력,검거,1329
동대문구,2024,소계,발생,3216
동대문구,2024,소계,검거,2482
동대문구,2024,살인,발생,7
동대문구,2024,살인,검거,6
동대문구,2024,강도,발생,4
동대문구,2024,강도,검거,2
동대문구,2024,강간·강제추행,발생,125
동대문구,2024,강간·강제추행,검거,110
동대문구,2024,절도,발생,1617
동대문구,2024,절도,검거,1060
동대문구,2024,폭력,발생,1463
동대문구,2024,폭력,검거,1304
중랑구,2014,소계,발생,5353
중랑구,2014,소계,검거,3259
중랑구,2014,살인,발생,11
중랑구,2014,살인,검거,10
중랑구,2014,강도,발생,14
중랑구,2014,강도,검거,11
중랑구,2014,강간·강제추행,발생,163
중랑구,2014,강간·강제추행,검거,118
중랑구,2014,절도,발생,2390
중랑구,2014,절도,검거,823
중랑구,2014,폭력,발생,2775
중랑구,2014,폭력,검거,2297
중랑구,2015,소계,발생,5193
중랑구,2015,소계,검거,3405
중랑구,2015,살인,발생,13
중랑구,2015,살인,검거,12
중랑구,2015,강도,발생,11
중랑구,2015,강도,검거,9
중랑구,2015,강간·강제추행,발생,187
중랑구,2015,강간·강제추행,검거,148
중랑구,2015,절도,발생,2135
중랑구,2015,절도,검거,829
중랑구,2015,폭력,발생,2847
중랑구,2015,폭력,검거,2407
중랑구,2016,소계,발생,5041
중랑구,2016,소계,검거,3935
중랑구,2016,살인,발생,8
중랑구,2016,살인,검거,7
중랑구,2016,강도,발생,14
중랑구,2016,강도,검거,14
중랑구,2016,강간·강제추행,발생,164
중랑구,2016,강간·강제추행,검거,150
중랑구,2016,절도,발생,1691
중랑구,2016,절도,검거,1052
중랑구,2016,폭력,발생,3164
중랑구,2016,폭력,검거,2712
중랑구,2017,소계,발생,4571
중랑구,2017,소계,검거,3392
중랑구,2017,살인,발생,5
중랑구,2017,살인,검거,5
중랑구,2017,강도,발생,3
중랑구,2017,강도,검거,4
중랑구,2017,강간·강제추행,발생,172
중랑구,2017,강간·강제추행,검거,144
중랑구,2017,절도,발생,1533
중랑구,2017,절도,검거,813
중랑구,2017,폭력,발생,2858
중랑구,2017,폭력,검거,2426
중랑구,2018,소계,발생,4288
중랑구,2018,소계,검거,3222
중랑구,2018,살인,발생,4
중랑구,2018,살인,검거,5
중랑구,2018,강도,발생,3
중랑구,2018,강도,검거,3
중랑구,2018,강간·강제추행,발생,174
중랑구,2018,강간·강제추행,검거,145
중랑구,2018,절도,발생,1526
중랑구,2018,절도,검거,876
중랑구,2018,폭력,발생,2581
중랑구,2018,폭력,검거,2193
중랑구,2019,소계,발생,4268
중랑구,2019,소계,검거,3138
중랑구,2019,살인,발생,10
중랑구,2019,살인,검거,10
중랑구,2019,강도,발생,4
중랑구,2019,강도,검거,5
중랑구,2019,강간·강제추행,발생,138
중랑구,2019,강간·강제추행,검거,108
중랑구,2019,절도,발생,1666
중랑구,2019,절도,검거,908
중랑구,2019,폭력,발생,2450
중랑구,2019,폭력,검거,2107
중랑구,2020,소계,발생,3726
중랑구,2020,소계,검거,2781
중랑구,2020,살인,발생,10
중랑구,2020,살인,검거,9
중랑구,2020,강도,발생,5
중랑구,2020,강도,검거,6
중랑구,2020,강간·강제추행,발생,183
중랑구,2020,강간·강제추행,검거,153
중랑구,2020,절도,발생,1506
중랑구,2020,절도,검거,889
중랑구,2020,폭력,발생,2022
중랑구,2020,폭력,검거,1724
중랑구,2021,소계,발생,3210
중랑구,2021,소계,검거,2405
중랑구,2021,살인,발생,4
중랑구,2021,살인,검거,4
중랑구,2021,강도,발생,6
중랑구,2021,강도,검거,7
중랑구,2021,강간·강제추행,발생,141
중랑구,2021,강간·강제추행,검거,117
중랑구,2021,절도,발생,1399
중랑구,2021,절도,검거,835
중랑구,2021,폭력,발생,1660
중랑구,2021,폭력,검거,1442
중랑구,2022,소계,발생,3599
중랑구,2022,소계,검거,2671
중랑구,2022,살인,발생,2
중랑구,2022,살인,검거,2
중랑구,2022,강도,발생,2
중랑구,2022,강도,검거,2
중랑구,2022,강간·강제추행,발생,150
중랑구,2022,강간·강제추행,검거,121
중랑구,2022,절도,발생,1508
중랑구,2022,절도,검거,882
중랑구,2022,폭력,발생,1937
중랑구,2022,폭력,검거,1664
중랑구,2023,소계,발생,3324
중랑구,2023,소계,검거,2474
중랑구,2023,살인,발생,6
중랑구,2023,살인,검거,6
중랑구,2023,강도,발생,2
중랑구,2023,강도,검거,2
중랑구,2023,강간·강제추행,발생,169
중랑구,2023,강간·강제추행,검거,134
중랑구,2023,절도,발생,1402
중랑구,2023,절도,검거,786
중랑구,2023,폭력,발생,1745
중랑구,2023,폭력,검거,1546
중랑구,2024,소계,발생,3169
중랑구,2024,소계,검거,2463
중랑구,2024,살인,발생,5
중랑구,2024,살인,검거,5
중랑구,2024,강도,발생,2
중랑구,2024,강도,검거,2
중랑구,2024,강간·강제추행,발생,143
중랑구,2024,강간·강제추행,검거,116
중랑구,2024,절도,발생,1437
중랑구,2024,절도,검거,931
중랑구,2024,폭력,발생,1582
중랑구,2024,폭력,검거,1409
성북구,2014,소계,발생,4606
성북구,2014,소계,검거,3028
성북구,2014,살인,발생,8
성북구,2014,살인,검거,5
성북구,2014,강도,발생,16
성북구,2014,강도,검거,20
성북구,2014,강간·강제추행,발생,165
성북구,2014,강간·강제추행,검거,128
성북구,2014,절도,발생,2130
성북구,2014,절도,검거,935
성북구,2014,폭력,발생,2287
성북구,2014,폭력,검거,1940
성북구,2015,소계,발생,4154
성북구,2015,소계,검거,2729
성북구,2015,살인,발생,5
성북구,2015,살인,검거,5
성북구,2015,강도,발생,5
성북구,2015,강도,검거,4
성북구,2015,강간·강제추행,발생,150
성북구,2015,강간·강제추행,검거,124
성북구,2015,절도,발생,1785
성북구,2015,절도,검거,741
성북구,2015,폭력,발생,2209
성북구,2015,폭력,검거,1855
성북구,2016,소계,발생,3744
성북구,2016,소계,검거,2672
성북구,2016,살인,발생,4
성북구,2016,살인,검거,3
성북구,2016,강도,발생,8
성북구,2016,강도,검거,8
성북구,2016,강간·강제추행,발생,154
성북구,2016,강간·강제추행,검거,117
성북구,2016,절도,발생,1470
성북구,2016,절도,검거,725
성북구,2016,폭력,발생,2108
성북구,2016,폭력,검거,1819
성북구,2017,소계,발생,3434
성북구,2017,소계,검거,2479
성북구,2017,살인,발생,7
성북구,2017,살인,검거,7
성북구,2017,강도,발생,8
성북구,2017,강도,검거,8
성북구,2017,강간·강제추행,발생,173
성북구,2017,강간·강제추행,검거,134
성북구,2017,절도,발생,1344
성북구,2017,절도,검거,703
성북구,2017,폭력,발생,1902
성북구,2017,폭력,검거,1627
성북구,2018,소계,발생,3042
성북구,2018,소계,검거,2277
성북구,2018,살인,발생,7
성북구,2018,살인,검거,6
성북구,2018,강도,발생,1
성북구,2018,강도,검거,2
성북구,2018,강간·강제추행,발생,183
성북구,2018,강간·강제추행,검거,140
성북구,2018,절도,발생,1164
성북구,2018,절도,검거,635
성북구,2018,폭력,발생,1687
성북구,2018,폭력,검거,1494
성북구,2019,소계,발생,2877
성북구,2019,소계,검거,2323
성북구,2019,살인,발생,3
성북구,2019,살인,검거,3
성북구,2019,강도,발생,3
성북구,2019,강도,검거,3
성북구,2019,강간·강제추행,발생,176
성북구,2019,강간·강제추행,검거,130
성북구,2019,절도,발생,1082
성북구,2019,절도,검거,731
성북구,2019,폭력,발생,1613
성북구,2019,폭력,검거,1456
성북구,2020,소계,발생,2567
성북구,2020,소계,검거,1947
성북구,2020,살인,발생,4
성북구,2020,살인,검거,4
성북구,2020,강도,발생,3
성북구,2020,강도,검거,2
성북구,2020,강간·강제추행,발생,142
성북구,2020,강간·강제추행,검거,121
성북구,2020,절도,발생,988
성북구,2020,절도,검거,580
성북구,2020,폭력,발생,1430
성북구,2020,폭력,검거,1240
성북구,2021,소계,발생,2411
성북구,2021,소계,검거,1787
성북구,2021,살인,발생,4
성북구,2021,살인,검거,3
성북구,2021,강도,발생,2
성북구,2021,강도,검거,2
성북구,2021,강간·강제추행,발생,118
성북구,2021,강간·강제추행,검거,88
성북구,2021,절도,발생,895
성북구,2021,절도,검거,474
성북구,2021,폭력,발생,1392
성북구,2021,폭력,검거,1220
성북구,2022,소계,발생,2749
성북구,2022,소계,검거,2125
성북구,2022,살인,발생,3
성북구,2022,살인,검거,3
성북구,2022,강도,발생,1
성북구,2022,강도,검거,1
성북구,2022,강간·강제추행,발생,158
성북구,2022,강간·강제추행,검거,129
성북구,2022,절도,발생,1143
성북구,2022,절도,검거,715
성북구,2022,폭력,발생,1444
성북구,2022,폭력,검거,1277
성북구,2023,소계,발생,2411
성북구,2023,소계,검거,1958
성북구,2023,살인,발생,1
성북구,2023,살인,검거,1
성북구,2023,강도,발생,1
성북구,2023,강도,검거,1
성북구,2023,강간·강제추행,발생,141
성북구,2023,강간·강제추행,검거,112
성북구,2023,절도,발생,984
성북구,2023,절도,검거,683
성북구,2023,폭력,발생,1284
성북구,2023,폭력,검거,1161
성북구,2024,소계,발생,2184
성북구,2024,소계,검거,1749
성북구,2024,살인,발생,3
성북구,2024,살인,검거,2
성북구,2024,강도,발생,1
성북구,2024,강도,검거,1
성북구,2024,강간·강제추행,발생,146
성북구,2024,강간·강제추행,검거,109
성북구,2024,절도,발생,884
성북구,2024,절도,검거,578
성북구,2024,폭력,발생,1150
성북구,2024,폭력,검거,1059
강북구,2014,소계,발생,4030
강북구,2014,소계,검거,2806
강북구,2014,살인,발생,6
강북구,2014,살인,검거,5
강북구,2014,강도,발생,21
강북구,2014,강도,검거,10
강북구,2014,강간·강제추행,발생,189
강북구,2014,강간·강제추행,검거,152
강북구,2014,절도,발생,1494
강북구,2014,절도,검거,575
강북구,2014,폭력,발생,2320
강북구,2014,폭력,검거,2064
강북구,2015,소계,발생,4257
강북구,2015,소계,검거,3113
강북구,2015,살인,발생,7
강북구,2015,살인,검거,8
강북구,2015,강도,발생,14
강북구,2015,강도,검거,13
강북구,2015,강간·강제추행,발생,153
강북구,2015,강간·강제추행,검거,126
강북구,2015,절도,발생,1434
강북구,2015,절도,검거,618
강북구,2015,폭력,발생,2649
강북구,2015,폭력,검거,2348
강북구,2016,소계,발생,4229
강북구,2016,소계,검거,3323
강북구,2016,살인,발생,7
강북구,2016,살인,검거,6
강북구,2016,강도,발생,5
강북구,2016,강도,검거,4
강북구,2016,강간·강제추행,발생,217
강북구,2016,강간·강제추행,검거,159
강북구,2016,절도,발생,1222
강북구,2016,절도,검거,672
강북구,2016,폭력,발생,2778
강북구,2016,폭력,검거,2482
강북구,2017,소계,발생,3393
강북구,2017,소계,검거,2824
강북구,2017,살인,발생,8
강북구,2017,살인,검거,8
강북구,2017,강도,발생,7
강북구,2017,강도,검거,5
강북구,2017,강간·강제추행,발생,208
강북구,2017,강간·강제추행,검거,153
강북구,2017,절도,발생,1014
강북구,2017,절도,검거,635
강북구,2017,폭력,발생,2156
강북구,2017,폭력,검거,2023
강북구,2018,소계,발생,3437
강북구,2018,소계,검거,2743
강북구,2018,살인,발생,8
강북구,2018,살인,검거,6
강북구,2018,강도,발생,7
강북구,2018,강도,검거,7
강북구,2018,강간·강제추행,발생,188
강북구,2018,강간·강제추행,검거,135
강북구,2018,절도,발생,1112
강북구,2018,절도,검거,603
강북구,2018,폭력,발생,2122
강북구,2018,폭력,검거,1992
강북구,2019,소계,발생,3838
강북구,2019,소계,검거,3023
강북구,2019,살인,발생,6
강북구,2019,살인,검거,6
강북구,2019,강도,발생,3
강북구,2019,강도,검거,2
강북구,2019,강간·강제추행,발생,176
강북구,2019,강간·강제추행,검거,145
강북구,2019,절도,발생,1229
강북구,2019,절도,검거,664
강북구,2019,폭력,발생,2424
강북구,2019,폭력,검거,2206
강북구,2020,소계,발생,2770
강북구,2020,소계,검거,2259
강북구,2020,살인,발생,9
강북구,2020,살인,검거,8
강북구,2020,강도,발생,5
강북구,2020,강도,검거,4
강북구,2020,강간·강제추행,발생,159
강북구,2020,강간·강제추행,검거,132
강북구,2020,절도,발생,780
강북구,2020,절도,검거,490
강북구,2020,폭력,발생,1817
강북구,2020,폭력,검거,1625
강북구,2021,소계,발생,2301
강북구,2021,소계,검거,1912
강북구,2021,살인,발생,4
강북구,2021,살인,검거,4
강북구,2021,강도,발생,1
강북구,2021,강도,검거,1
강북구,2021,강간·강제추행,발생,136
강북구,2021,강간·강제추행,검거,115
강북구,2021,절도,발생,777
강북구,2021,절도,검거,537
강북구,2021,폭력,발생,1383
강북구,2021,폭력,검거,1255
강북구,2022,소계,발생,2832
강북구,2022,소계,검거,2343
강북구,2022,살인,발생,5
강북구,2022,살인,검거,4
강북구,2022,강도,발생,5
강북구,2022,강도,검거,6
강북구,2022,강간·강제추행,발생,177
강북구,2022,강간·강제추행,검거,147
강북구,2022,절도,발생,872
강북구,2022,절도,검거,589
강북구,2022,폭력,발생,1773
강북구,2022,폭력,검거,1597
강북구,2023,소계,발생,2497
강북구,2023,소계,검거,2142
강북구,2023,살인,발생,7
강북구,2023,살인,검거,7
강북구,2023,강도,발생,1
강북구,2023,강도,검거,1
강북구,2023,강간·강제추행,발생,141
강북구,2023,강간·강제추행,검거,102
강북구,2023,절도,발생,917
강북구,2023,절도,검거,730
강북구,2023,폭력,발생,1431
강북구,2023,폭력,검거,1302
강북구,2024,소계,발생,2289
강북구,2024,소계,검거,2061
강북구,2024,살인,발생,6
강북구,2024,살인,검거,6
강북구,2024,강도,발생,0
강북구,2024,강도,검거,0
강북구,2024,강간·강제추행,발생,142
강북구,2024,강간·강제추행,검거,112
강북구,2024,절도,발생,970
강북구,2024,절도,검거,835
강북구,2024,폭력,발생,1171
강북구,2024,폭력,검거,1108
도봉구,2014,소계,발생,3124
도봉구,2014,소계,검거,1986
도봉구,2014,살인,발생,6
도봉구,2014,살인,검거,7
도봉구,2014,강도,발생,11
도봉구,2014,강도,검거,15
도봉구,2014,강간·강제추행,발생,172
도봉구,2014,강간·강제추행,검거,159
도봉구,2014,절도,발생,1350
도봉구,2014,절도,검거,478
도봉구,2014,폭력,발생,1585
도봉구,2014,폭력,검거,1327
도봉구,2015,소계,발생,2664
도봉구,2015,소계,검거,1900
도봉구,2015,살인,발생,3
도봉구,2015,살인,검거,3
도봉구,2015,강도,발생,9
도봉구,2015,강도,검거,10
도봉구,2015,강간·강제추행,발생,102
도봉구,2015,강간·강제추행,검거,106
도봉구,2015,절도,발생,1063
도봉구,2015,절도,검거,478
도봉구,2015,폭력,발생,1487
도봉구,2015,폭력,검거,1303
도봉구,2016,소계,발생,2438
도봉구,2016,소계,검거,1930
도봉구,2016,살인,발생,3
도봉구,2016,살인,검거,3
도봉구,2016,강도,발생,5
도봉구,2016,강도,검거,5
도봉구,2016,강간·강제추행,발생,123
도봉구,2016,강간·강제추행,검거,121
도봉구,2016,절도,발생,866
도봉구,2016,절도,검거,492
도봉구,2016,폭력,발생,1441
도봉구,2016,폭력,검거,1309
도봉구,2017,소계,발생,1999
도봉구,2017,소계,검거,1652
도봉구,2017,살인,발생,1
도봉구,2017,살인,검거,1
도봉구,2017,강도,발생,3
도봉구,2017,강도,검거,3
도봉구,2017,강간·강제추행,발생,104
도봉구,2017,강간·강제추행,검거,115
도봉구,2017,절도,발생,633
도봉구,2017,절도,검거,417
도봉구,2017,폭력,발생,1258
도봉구,2017,폭력,검거,1116
도봉구,2018,소계,발생,2249
도봉구,2018,소계,검거,1676
도봉구,2018,살인,발생,1
도봉구,2018,살인,검거,1
도봉구,2018,강도,발생,5
도봉구,2018,강도,검거,3
도봉구,2018,강간·강제추행,발생,113
도봉구,2018,강간·강제추행,검거,117
도봉구,2018,절도,발생,781
도봉구,2018,절도,검거,431
도봉구,2018,폭력,발생,1349
도봉구,2018,폭력,검거,1124
도봉구,2019,소계,발생,2110
도봉구,2019,소계,검거,1497
도봉구,2019,살인,발생,1
도봉구,2019,살인,검거,1
도봉구,2019,강도,발생,5
도봉구,2019,강도,검거,5
도봉구,2019,강간·강제추행,발생,90
도봉구,2019,강간·강제추행,검거,83
도봉구,2019,절도,발생,790
도봉구,2019,절도,검거,394
도봉구,2019,폭력,발생,1224
도봉구,2019,폭력,검거,1014
도봉구,2020,소계,발생,2179
도봉구,2020,소계,검거,1490
도봉구,2020,살인,발생,0
도봉구,2020,살인,검거,0
도봉구,2020,강도,발생,2
도봉구,2020,강도,검거,2
도봉구,2020,강간·강제추행,발생,82
도봉구,2020,강간·강제추행,검거,87
도봉구,2020,절도,발생,861
도봉구,2020,절도,검거,379
도봉구,2020,폭력,발생,1234
도봉구,2020,폭력,검거,1022
도봉구,2021,소계,발생,1860
도봉구,2021,소계,검거,1294
도봉구,2021,살인,발생,2
도봉구,2021,살인,검거,2
도봉구,2021,강도,발생,2
도봉구,2021,강도,검거,1
도봉구,2021,강간·강제추행,발생,72
도봉구,2021,강간·강제추행,검거,64
도봉구,2021,절도,발생,772
도봉구,2021,절도,검거,376
도봉구,2021,폭력,발생,1012
도봉구,2021,폭력,검거,851
도봉구,2022,소계,발생,2141
도봉구,2022,소계,검거,1569
도봉구,2022,살인,발생,3
도봉구,2022,살인,검거,3
도봉구,2022,강도,발생,0
도봉구,2022,강도,검거,0
도봉구,2022,강간·강제추행,발생,70
도봉구,2022,강간·강제추행,검거,54
도봉구,2022,절도,발생,969
도봉구,2022,절도,검거,546
도봉구,2022,폭력,발생,1099
도봉구,2022,폭력,검거,966
도봉구,2023,소계,발생,1921
도봉구,2023,소계,검거,1406
도봉구,2023,살인,발생,7
도봉구,2023,살인,검거,6
도봉구,2023,강도,발생,4
도봉구,2023,강도,검거,3
도봉구,2023,강간·강제추행,발생,90
도봉구,2023,강간·강제추행,검거,72
도봉구,2023,절도,발생,995
도봉구,2023,절도,검거,582
도봉구,2023,폭력,발생,825
도봉구,2023,폭력,검거,743
도봉구,2024,소계,발생,1741
도봉구,2024,소계,검거,1379
도봉구,2024,살인,발생,7
도봉구,2024,살인,검거,3
도봉구,2024,강도,발생,0
도봉구,2024,강도,검거,1
도봉구,2024,강간·강제추행,발생,73
도봉구,2024,강간·강제추행,검거,61
도봉구,2024,절도,발생,800
도봉구,2024,절도,검거,520
도봉구,2024,폭력,발생,861
도봉구,2024,폭력,검거,794
노원구,2014,소계,발생,5312
노원구,2014,소계,검거,3300
노원구,2014,살인,발생,5
노원구,2014,살인,검거,4
노원구,2014,강도,발생,8
노원구,2014,강도,검거,7
노원구,2014,강간·강제추행,발생,173
노원구,2014,강간·강제추행,검거,136
노원구,2014,절도,발생,2404
노원구,2014,절도,검거,803
노원구,2014,폭력,발생,2722
노원구,2014,폭력,검거,2350
노원구,2015,소계,발생,5130
노원구,2015,소계,검거,3268
노원구,2015,살인,발생,10
노원구,2015,살인,검거,10
노원구,2015,강도,발생,7
노원구,2015,강도,검거,7
노원구,2015,강간·강제추행,발생,197
노원구,2015,강간·강제추행,검거,121
노원구,2015,절도,발생,2193
노원구,2015,절도,검거,801
노원구,2015,폭력,발생,2723
노원구,2015,폭력,검거,2329
노원구,2016,소계,발생,4543
노원구,2016,소계,검거,3021
노원구,2016,살인,발생,5
노원구,2016,살인,검거,6
노원구,2016,강도,발생,6
노원구,2016,강도,검거,9
노원구,2016,강간·강제추행,발생,159
노원구,2016,강간·강제추행,검거,142
노원구,2016,절도,발생,1857
노원구,2016,절도,검거,740
노원구,2016,폭력,발생,2516
노원구,2016,폭력,검거,2124
노원구,2017,소계,발생,4209
노원구,2017,소계,검거,3047
노원구,2017,살인,발생,4
노원구,2017,살인,검거,4
노원구,2017,강도,발생,9
노원구,2017,강도,검거,7
노원구,2017,강간·강제추행,발생,180
노원구,2017,강간·강제추행,검거,155
노원구,2017,절도,발생,1538
노원구,2017,절도,검거,757
노원구,2017,폭력,발생,2478
노원구,2017,폭력,검거,2124
노원구,2018,소계,발생,4007
노원구,2018,소계,검거,2725
노원구,2018,살인,발생,5
노원구,2018,살인,검거,4
노원구,2018,강도,발생,5
노원구,2018,강도,검거,5
노원구,2018,강간·강제추행,발생,194
노원구,2018,강간·강제추행,검거,173
노원구,2018,절도,발생,1422
노원구,2018,절도,검거,585
노원구,2018,폭력,발생,2381
노원구,2018,폭력,검거,1958
노원구,2019,소계,발생,4153
노원구,2019,소계,검거,2964
노원구,2019,살인,발생,4
노원구,2019,살인,검거,4
노원구,2019,강도,발생,3
노원구,2019,강도,검거,3
노원구,2019,강간·강제추행,발생,184
노원구,2019,강간·강제추행,검거,158
노원구,2019,절도,발생,1498
노원구,2019,절도,검거,681
노원구,2019,폭력,발생,2464
노원구,2019,폭력,검거,2118
노원구,2020,소계,발생,3743
노원구,2020,소계,검거,2581
노원구,2020,살인,발생,4
노원구,2020,살인,검거,3
노원구,2020,강도,발생,3
노원구,2020,강도,검거,3
노원구,2020,강간·강제추행,발생,169
노원구,2020,강간·강제추행,검거,148
노원구,2020,절도,발생,1404
노원구,2020,절도,검거,646
노원구,2020,폭력,발생,2163
노원구,2020,폭력,검거,1781
노원구,2021,소계,발생,3425
노원구,2021,소계,검거,2302
노원구,2021,살인,발생,6
노원구,2021,살인,검거,6
노원구,2021,강도,발생,3
노원구,2021,강도,검거,3
노원구,2021,강간·강제추행,발생,156
노원구,2021,강간·강제추행,검거,126
노원구,2021,절도,발생,1361
노원구,2021,절도,검거,654
노원구,2021,폭력,발생,1899
노원구,2021,폭력,검거,1513
노원구,2022,소계,발생,3896
노원구,2022,소계,검거,2641
노원구,2022,살인,발생,3
노원구,2022,살인,검거,3
노원구,2022,강도,발생,3
노원구,2022,강도,검거,1
노원구,2022,강간·강제추행,발생,180
노원구,2022,강간·강제추행,검거,151
노원구,2022,절도,발생,1504
노원구,2022,절도,검거,729
노원구,2022,폭력,발생,2206
노원구,2022,폭력,검거,1757
노원구,2023,소계,발생,3567
노원구,2023,소계,검거,2607
노원구,2023,살인,발생,7
노원구,2023,살인,검거,6
노원구,2023,강도,발생,3
노원구,2023,강도,검거,4
노원구,2023,강간·강제추행,발생,159
노원구,2023,강간·강제추행,검거,131
노원구,2023,절도,발생,1632
노원구,2023,절도,검거,845
노원구,2023,폭력,발생,1766
노원구,2023,폭력,검거,1621
노원구,2024,소계,발생,3101
노원구,2024,소계,검거,2409
노원구,2024,살인,발생,7
노원구,2024,살인,검거,5
노원구,2024,강도,발생,3
노원구,2024,강도,검거,2
노원구,2024,강간·강제추행,발생,146
노원구,2024,강간·강제추행,검거,126
노원구,2024,절도,발생,1508
노원구,2024,절도,검거,899
노원구,2024,폭력,발생,1437
노원구,2024,폭력,검거,1377
은평구,2014,소계,발생,5431
은평구,2014,소계,검거,3325
은평구,2014,살인,발생,5
은평구,2014,살인,검거,3
은평구,2014,강도,발생,24
은평구,2014,강도,검거,21
은평구,2014,강간·강제추행,발생,188
은평구,2014,강간·강제추행,검거,158
은평구,2014,절도,발생,2352
은평구,2014,절도,검거,798
은평구,2014,폭력,발생,2862
은평구,2014,폭력,검거,2345
은평구,2015,소계,발생,4745
은평구,2015,소계,검거,3167
은평구,2015,살인,발생,3
은평구,2015,살인,검거,3
은평구,2015,강도,발생,9
은평구,2015,강도,검거,6
은평구,2015,강간·강제추행,발생,166
은평구,2015,강간·강제추행,검거,141
은평구,2015,절도,발생,1914
은평구,2015,절도,검거,711
은평구,2015,폭력,발생,2653
은평구,2015,폭력,검거,2306
은평구,2016,소계,발생,4501
은평구,2016,소계,검거,3353
은평구,2016,살인,발생,6
은평구,2016,살인,검거,6
은평구,2016,강도,발생,9
은평구,2016,강도,검거,7
은평구,2016,강간·강제추행,발생,156
은평구,2016,강간·강제추행,검거,142
은평구,2016,절도,발생,1666
은평구,2016,절도,검거,890
은평구,2016,폭력,발생,2664
은평구,2016,폭력,검거,2308
은평구,2017,소계,발생,3883
은평구,2017,소계,검거,3207
은평구,2017,살인,발생,6
은평구,2017,살인,검거,6
은평구,2017,강도,발생,4
은평구,2017,강도,검거,4
은평구,2017,강간·강제추행,발생,230
은평구,2017,강간·강제추행,검거,213
은평구,2017,절도,발생,1387
은평구,2017,절도,검거,934
은평구,2017,폭력,발생,2256
은평구,2017,폭력,검거,2050
은평구,2018,소계,발생,3590
은평구,2018,소계,검거,2863
은평구,2018,살인,발생,8
은평구,2018,살인,검거,8
은평구,2018,강도,발생,1
은평구,2018,강도,검거,1
은평구,2018,강간·강제추행,발생,188
은평구,2018,강간·강제추행,검거,169
은평구,2018,절도,발생,1278
은평구,2018,절도,검거,816
은평구,2018,폭력,발생,2115
은평구,2018,폭력,검거,1869
은평구,2019,소계,발생,3880
은평구,2019,소계,검거,3000
은평구,2019,살인,발생,3
은평구,2019,살인,검거,3
은평구,2019,강도,발생,1
은평구,2019,강도,검거,1
은평구,2019,강간·강제추행,발생,194
은평구,2019,강간·강제추행,검거,162
은평구,2019,절도,발생,1565
은평구,2019,절도,검거,977
은평구,2019,폭력,발생,2117
은평구,2019,폭력,검거,1857
은평구,2020,소계,발생,3390
은평구,2020,소계,검거,2531
은평구,2020,살인,발생,4
은평구,2020,살인,검거,4
은평구,2020,강도,발생,4
은평구,2020,강도,검거,3
은평구,2020,강간·강제추행,발생,171
은평구,2020,강간·강제추행,검거,145
은평구,2020,절도,발생,1371
은평구,2020,절도,검거,756
은평구,2020,폭력,발생,1840
은평구,2020,폭력,검거,1623
은평구,2021,소계,발생,3244
은평구,2021,소계,검거,2423
은평구,2021,살인,발생,4
은평구,2021,살인,검거,5
은평구,2021,강도,발생,3
은평구,2021,강도,검거,3
은평구,2021,강간·강제추행,발생,166
은평구,2021,강간·강제추행,검거,133
은평구,2021,절도,발생,1424
은평구,2021,절도,검거,825
은평구,2021,폭력,발생,1647
은평구,2021,폭력,검거,1457
은평구,2022,소계,발생,3487
은평구,2022,소계,검거,2658
은평구,2022,살인,발생,4
은평구,2022,살인,검거,4
은평구,2022,강도,발생,5
은평구,2022,강도,검거,4
은평구,2022,강간·강제추행,발생,176
은평구,2022,강간·강제추행,검거,146
은평구,2022,절도,발생,1497
은평구,2022,절도,검거,946
은평구,2022,폭력,발생,1805
은평구,2022,폭력,검거,1558
은평구,2023,소계,발생,3493
은평구,2023,소계,검거,2678
은평구,2023,살인,발생,7
은평구,2023,살인,검거,7
은평구,2023,강도,발생,3
은평구,2023,강도,검거,1
은평구,2023,강간·강제추행,발생,153
은평구,2023,강간·강제추행,검거,126
은평구,2023,절도,발생,1614
은평구,2023,절도,검거,1070
은평구,2023,폭력,발생,1716
은평구,2023,폭력,검거,1474
은평구,2024,소계,발생,3217
은평구,2024,소계,검거,2463
은평구,2024,살인,발생,9
은평구,2024,살인,검거,9
은평구,2024,강도,발생,1
은평구,2024,강도,검거,4
은평구,2024,강간·강제추행,발생,132
은평구,2024,강간·강제추행,검거,108
은평구,2024,절도,발생,1517
은평구,2024,절도,검거,993
은평구,2024,폭력,발생,1558
은평구,2024,폭력,검거,1349
서대문구,2014,소계,발생,4194
서대문구,2014,소계,검거,2588
서대문구,2014,살인,발생,3
서대문구,2014,살인,검거,3
서대문구,2014,강도,발생,4
서대문구,2014,강도,검거,7
서대문구,2014,강간·강제추행,발생,185
서대문구,2014,강간·강제추행,검거,150
서대문구,2014,절도,발생,1883
서대문구,2014,절도,검거,665
서대문구,2014,폭력,발생,2119
서대문구,2014,폭력,검거,1763
서대문구,2015,소계,발생,4029
서대문구,2015,소계,검거,2579
서대문구,2015,살인,발생,2
서대문구,2015,살인,검거,2
서대문구,2015,강도,발생,5
서대문구,2015,강도,검거,4
서대문구,2015,강간·강제추행,발생,154
서대문구,2015,강간·강제추행,검거,124
서대문구,2015,절도,발생,1812
서대문구,2015,절도,검거,738
서대문구,2015,폭력,발생,2056
서대문구,2015,폭력,검거,1711
서대문구,2016,소계,발생,3665
서대문구,2016,소계,검거,2554
서대문구,2016,살인,발생,6
서대문구,2016,살인,검거,7
서대문구,2016,강도,발생,5
서대문구,2016,강도,검거,4
서대문구,2016,강간·강제추행,발생,175
서대문구,2016,강간·강제추행,검거,147
서대문구,2016,절도,발생,1503
서대문구,2016,절도,검거,752
서대문구,2016,폭력,발생,1976
서대문구,2016,폭력,검거,1644
서대문구,2017,소계,발생,3113
서대문구,2017,소계,검거,2299
서대문구,2017,살인,발생,4
서대문구,2017,살인,검거,4
서대문구,2017,강도,발생,1
서대문구,2017,강도,검거,2
서대문구,2017,강간·강제추행,발생,202
서대문구,2017,강간·강제추행,검거,181
서대문구,2017,절도,발생,1230
서대문구,2017,절도,검거,719
서대문구,2017,폭력,발생,1676
서대문구,2017,폭력,검거,1393
서대문구,2018,소계,발생,2802
서대문구,2018,소계,검거,2016
서대문구,2018,살인,발생,5
서대문구,2018,살인,검거,4
서대문구,2018,강도,발생,3
서대문구,2018,강도,검거,3
서대문구,2018,강간·강제추행,발생,206
서대문구,2018,강간·강제추행,검거,189
서대문구,2018,절도,발생,1062
서대문구,2018,절도,검거,585
서대문구,2018,폭력,발생,1526
서대문구,2018,폭력,검거,1235
서대문구,2019,소계,발생,2943
서대문구,2019,소계,검거,2020
서대문구,2019,살인,발생,2
서대문구,2019,살인,검거,1
서대문구,2019,강도,발생,5
서대문구,2019,강도,검거,5
서대문구,2019,강간·강제추행,발생,175
서대문구,2019,강간·강제추행,검거,154
서대문구,2019,절도,발생,1226
서대문구,2019,절도,검거,600
서대문구,2019,폭력,발생,1535
서대문구,2019,폭력,검거,1260
서대문구,2020,소계,발생,2533
서대문구,2020,소계,검거,1706
서대문구,2020,살인,발생,3
서대문구,2020,살인,검거,3
서대문구,2020,강도,발생,2
서대문구,2020,강도,검거,1
서대문구,2020,강간·강제추행,발생,159
서대문구,2020,강간·강제추행,검거,149
서대문구,2020,절도,발생,1077
서대문구,2020,절도,검거,524
서대문구,2020,폭력,발생,1292
서대문구,2020,폭력,검거,1029
서대문구,2021,소계,발생,2278
서대문구,2021,소계,검거,1594
서대문구,2021,살인,발생,3
서대문구,2021,살인,검거,3
서대문구,2021,강도,발생,2
서대문구,2021,강도,검거,2
서대문구,2021,강간·강제추행,발생,137
서대문구,2021,강간·강제추행,검거,120
서대문구,2021,절도,발생,1027
서대문구,2021,절도,검거,562
서대문구,2021,폭력,발생,1109
서대문구,2021,폭력,검거,907
서대문구,2022,소계,발생,2374
서대문구,2022,소계,검거,1605
서대문구,2022,살인,발생,5
서대문구,2022,살인,검거,4
서대문구,2022,강도,발생,6
서대문구,2022,강도,검거,6
서대문구,2022,강간·강제추행,발생,157
서대문구,2022,강간·강제추행,검거,144
서대문구,2022,절도,발생,1114
서대문구,2022,절도,검거,565
서대문구,2022,폭력,발생,1092
서대문구,2022,폭력,검거,886
서대문구,2023,소계,발생,2385
서대문구,2023,소계,검거,1641
서대문구,2023,살인,발생,5
서대문구,2023,살인,검거,5
서대문구,2023,강도,발생,0
서대문구,2023,강도,검거,2
서대문구,2023,강간·강제추행,발생,160
서대문구,2023,강간·강제추행,검거,132
서대문구,2023,절도,발생,1194
서대문구,2023,절도,검거,668
서대문구,2023,폭력,발생,1026
서대문구,2023,폭력,검거,834
서대문구,2024,소계,발생,2054
서대문구,2024,소계,검거,1486
서대문구,2024,살인,발생,3
서대문구,2024,살인,검거,3
서대문구,2024,강도,발생,0
서대문구,2024,강도,검거,0
서대문구,2024,강간·강제추행,발생,131
서대문구,2024,강간·강제추행,검거,119
서대문구,2024,절도,발생,1014
서대문구,2024,절도,검거,588
서대문구,2024,폭력,발생,906
서대문구,2024,폭력,검거,776
마포구,2014,소계,발생,5740
마포구,2014,소계,검거,3136
마포구,2014,살인,발생,4
마포구,2014,살인,검거,4
마포구,2014,강도,발생,22
마포구,2014,강도,검거,9
마포구,2014,강간·강제추행,발생,265
마포구,2014,강간·강제추행,검거,218
마포구,2014,절도,발생,2763
마포구,2014,절도,검거,742
마포구,2014,폭력,발생,2686
마포구,2014,폭력,검거,2163
마포구,2015,소계,발생,5854
마포구,2015,소계,검거,3597
마포구,2015,살인,발생,8
마포구,2015,살인,검거,8
마포구,2015,강도,발생,14
마포구,2015,강도,검거,10
마포구,2015,강간·강제추행,발생,294
마포구,2015,강간·강제추행,검거,247
마포구,2015,절도,발생,2555
마포구,2015,절도,검거,813
마포구,2015,폭력,발생,2983
마포구,2015,폭력,검거,2519
마포구,2016,소계,발생,5873
마포구,2016,소계,검거,3771
마포구,2016,살인,발생,4
마포구,2016,살인,검거,4
마포구,2016,강도,발생,4
마포구,2016,강도,검거,7
마포구,2016,강간·강제추행,발생,399
마포구,2016,강간·강제추행,검거,320
마포구,2016,절도,발생,2527
마포구,2016,절도,검거,940
마포구,2016,폭력,발생,2939
마포구,2016,폭력,검거,2500
마포구,2017,소계,발생,5278
마포구,2017,소계,검거,3499
마포구,2017,살인,발생,3
마포구,2017,살인,검거,3
마포구,2017,강도,발생,8
마포구,2017,강도,검거,8
마포구,2017,강간·강제추행,발생,500
마포구,2017,강간·강제추행,검거,429
마포구,2017,절도,발생,2094
마포구,2017,절도,검거,837
마포구,2017,폭력,발생,2673
마포구,2017,폭력,검거,2222
마포구,2018,소계,발생,5172
마포구,2018,소계,검거,3569
마포구,2018,살인,발생,6
마포구,2018,살인,검거,6
마포구,2018,강도,발생,6
마포구,2018,강도,검거,7
마포구,2018,강간·강제추행,발생,473
마포구,2018,강간·강제추행,검거,396
마포구,2018,절도,발생,2011
마포구,2018,절도,검거,882
마포구,2018,폭력,발생,2676
마포구,2018,폭력,검거,2278
마포구,2019,소계,발생,4842
마포구,2019,소계,검거,3170
마포구,2019,살인,발생,2
마포구,2019,살인,검거,2
마포구,2019,강도,발생,2
마포구,2019,강도,검거,2
마포구,2019,강간·강제추행,발생,495
마포구,2019,강간·강제추행,검거,417
마포구,2019,절도,발생,2190
마포구,2019,절도,검거,917
마포구,2019,폭력,발생,2153
마포구,2019,폭력,검거,1832
마포구,2020,소계,발생,3688
마포구,2020,소계,검거,2534
마포구,2020,살인,발생,9
마포구,2020,살인,검거,8
마포구,2020,강도,발생,4
마포구,2020,강도,검거,3
마포구,2020,강간·강제추행,발생,348
마포구,2020,강간·강제추행,검거,287
마포구,2020,절도,발생,1483
마포구,2020,절도,검거,679
마포구,2020,폭력,발생,1844
마포구,2020,폭력,검거,1557
마포구,2021,소계,발생,3540
마포구,2021,소계,검거,2379
마포구,2021,살인,발생,4
마포구,2021,살인,검거,3
마포구,2021,강도,발생,4
마포구,2021,강도,검거,4
마포구,2021,강간·강제추행,발생,321
마포구,2021,강간·강제추행,검거,275
마포구,2021,절도,발생,1510
마포구,2021,절도,검거,730
마포구,2021,폭력,발생,1701
마포구,2021,폭력,검거,1367
마포구,2022,소계,발생,4096
마포구,2022,소계,검거,2814
마포구,2022,살인,발생,2
마포구,2022,살인,검거,2
마포구,2022,강도,발생,2
마포구,2022,강도,검거,1
마포구,2022,강간·강제추행,발생,436
마포구,2022,강간·강제추행,검거,368
마포구,2022,절도,발생,1451
마포구,2022,절도,검거,653
마포구,2022,폭력,발생,2205
마포구,2022,폭력,검거,1790
마포구,2023,소계,발생,3834
마포구,2023,소계,검거,2888
마포구,2023,살인,발생,3
마포구,2023,살인,검거,1
마포구,2023,강도,발생,4
마포구,2023,강도,검거,4
마포구,2023,강간·강제추행,발생,447
마포구,2023,강간·강제추행,검거,339
마포구,2023,절도,발생,1472
마포구,2023,절도,검거,856
마포구,2023,폭력,발생,1908
마포구,2023,폭력,검거,1688
마포구,2024,소계,발생,3891
마포구,2024,소계,검거,3033
마포구,2024,살인,발생,4
마포구,2024,살인,검거,3
마포구,2024,강도,발생,4
마포구,2024,강도,검거,5
마포구,2024,강간·강제추행,발생,503
마포구,2024,강간·강제추행,검거,389
마포구,2024,절도,발생,1471
마포구,2024,절도,검거,949
마포구,2024,폭력,발생,1909
마포구,2024,폭력,검거,1687
양천구,2014,소계,발생,4642
양천구,2014,소계,검거,2654
양천구,2014,살인,발생,5
양천구,2014,살인,검거,5
양천구,2014,강도,발생,11
양천구,2014,강도,검거,10
양천구,2014,강간·강제추행,발생,129
양천구,2014,강간·강제추행,검거,96
양천구,2014,절도,발생,2058
양천구,2014,절도,검거,630
양천구,2014,폭력,발생,2439
양천구,2014,폭력,검거,1913
양천구,2015,소계,발생,4528
양천구,2015,소계,검거,2815
양천구,2015,살인,발생,3
양천구,2015,살인,검거,5
양천구,2015,강도,발생,6
양천구,2015,강도,검거,3
양천구,2015,강간·강제추행,발생,120
양천구,2015,강간·강제추행,검거,105
양천구,2015,절도,발생,1890
양천구,2015,절도,검거,672
양천구,2015,폭력,발생,2509
양천구,2015,폭력,검거,2030
양천구,2016,소계,발생,4112
양천구,2016,소계,검거,2793
양천구,2016,살인,발생,5
양천구,2016,살인,검거,5
양천구,2016,강도,발생,7
양천구,2016,강도,검거,7
양천구,2016,강간·강제추행,발생,131
양천구,2016,강간·강제추행,검거,108
양천구,2016,절도,발생,1719
양천구,2016,절도,검거,755
양천구,2016,폭력,발생,2250
양천구,2016,폭력,검거,1918
양천구,2017,소계,발생,3882
양천구,2017,소계,검거,2660
양천구,2017,살인,발생,3
양천구,2017,살인,검거,2
양천구,2017,강도,발생,3
양천구,2017,강도,검거,2
양천구,2017,강간·강제추행,발생,138
양천구,2017,강간·강제추행,검거,122
양천구,2017,절도,발생,1590
양천구,2017,절도,검거,756
양천구,2017,폭력,발생,2148
양천구,2017,폭력,검거,1778
양천구,2018,소계,발생,3515
양천구,2018,소계,검거,2459
양천구,2018,살인,발생,2
양천구,2018,살인,검거,3
양천구,2018,강도,발생,4
양천구,2018,강도,검거,14
양천구,2018,강간·강제추행,발생,120
양천구,2018,강간·강제추행,검거,111
양천구,2018,절도,발생,1384
양천구,2018,절도,검거,646
양천구,2018,폭력,발생,2005
양천구,2018,폭력,검거,1685
양천구,2019,소계,발생,3214
양천구,2019,소계,검거,2124
양천구,2019,살인,발생,6
양천구,2019,살인,검거,6
양천구,2019,강도,발생,2
양천구,2019,강도,검거,2
양천구,2019,강간·강제추행,발생,127
양천구,2019,강간·강제추행,검거,112
양천구,2019,절도,발생,1477
양천구,2019,절도,검거,634
양천구,2019,폭력,발생,1602
양천구,2019,폭력,검거,1370
양천구,2020,소계,발생,3216
양천구,2020,소계,검거,2086
양천구,2020,살인,발생,5
양천구,2020,살인,검거,5
양천구,2020,강도,발생,3
양천구,2020,강도,검거,3
양천구,2020,강간·강제추행,발생,109
양천구,2020,강간·강제추행,검거,90
양천구,2020,절도,발생,1517
양천구,2020,절도,검거,718
양천구,2020,폭력,발생,1582
양천구,2020,폭력,검거,1270
양천구,2021,소계,발생,3015
양천구,2021,소계,검거,2085
양천구,2021,살인,발생,1
양천구,2021,살인,검거,1
양천구,2021,강도,발생,3
양천구,2021,강도,검거,3
양천구,2021,강간·강제추행,발생,116
양천구,2021,강간·강제추행,검거,92
양천구,2021,절도,발생,1349
양천구,2021,절도,검거,700
양천구,2021,폭력,발생,1546
양천구,2021,폭력,검거,1289
양천구,2022,소계,발생,3169
양천구,2022,소계,검거,2130
양천구,2022,살인,발생,2
양천구,2022,살인,검거,2
양천구,2022,강도,발생,3
양천구,2022,강도,검거,3
양천구,2022,강간·강제추행,발생,114
양천구,2022,강간·강제추행,검거,92
양천구,2022,절도,발생,1474
양천구,2022,절도,검거,781
양천구,2022,폭력,발생,1576
양천구,2022,폭력,검거,1252
양천구,2023,소계,발생,3019
양천구,2023,소계,검거,2135
양천구,2023,살인,발생,6
양천구,2023,살인,검거,5
양천구,2023,강도,발생,2
양천구,2023,강도,검거,2
양천구,2023,강간·강제추행,발생,113
양천구,2023,강간·강제추행,검거,93
양천구,2023,절도,발생,1404
양천구,2023,절도,검거,732
양천구,2023,폭력,발생,1494
양천구,2023,폭력,검거,1303
양천구,2024,소계,발생,3000
양천구,2024,소계,검거,2113
양천구,2024,살인,발생,4
양천구,2024,살인,검거,4
양천구,2024,강도,발생,1
양천구,2024,강도,검거,1
양천구,2024,강간·강제추행,발생,109
양천구,2024,강간·강제추행,검거,88
양천구,2024,절도,발생,1518
양천구,2024,절도,검거,832
양천구,2024,폭력,발생,1368
양천구,2024,폭력,검거,1188
강서구,2014,소계,발생,5289
강서구,2014,소계,검거,3225
강서구,2014,살인,발생,8
강서구,2014,살인,검거,6
강서구,2014,강도,발생,9
강서구,2014,강도,검거,9
강서구,2014,강간·강제추행,발생,214
강서구,2014,강간·강제추행,검거,179
강서구,2014,절도,발생,2341
강서구,2014,절도,검거,734
강서구,2014,폭력,발생,2717
강서구,2014,폭력,검거,2297
강서구,2015,소계,발생,5585
강서구,2015,소계,검거,4190
강서구,2015,살인,발생,7
강서구,2015,살인,검거,8
강서구,2015,강도,발생,13
강서구,2015,강도,검거,13
강서구,2015,강간·강제추행,발생,262
강서구,2015,강간·강제추행,검거,191
강서구,2015,절도,발생,2096
강서구,2015,절도,검거,1260
강서구,2015,폭력,발생,3207
강서구,2015,폭력,검거,2718
강서구,2016,소계,발생,5450
강서구,2016,소계,검거,4097
강서구,2016,살인,발생,9
강서구,2016,살인,검거,10
강서구,2016,강도,발생,10
강서구,2016,강도,검거,10
강서구,2016,강간·강제추행,발생,275
강서구,2016,강간·강제추행,검거,239
강서구,2016,절도,발생,1952
강서구,2016,절도,검거,1070
강서구,2016,폭력,발생,3204
강서구,2016,폭력,검거,2768
강서구,2017,소계,발생,5135
강서구,2017,소계,검거,3927
강서구,2017,살인,발생,11
강서구,2017,살인,검거,11
강서구,2017,강도,발생,4
강서구,2017,강도,검거,6
강서구,2017,강간·강제추행,발생,316
강서구,2017,강간·강제추행,검거,253
강서구,2017,절도,발생,1888
강서구,2017,절도,검거,1113
강서구,2017,폭력,발생,2916
강서구,2017,폭력,검거,2544
강서구,2018,소계,발생,4629
강서구,2018,소계,검거,3469
강서구,2018,살인,발생,11
강서구,2018,살인,검거,9
강서구,2018,강도,발생,6
강서구,2018,강도,검거,3
강서구,2018,강간·강제추행,발생,269
강서구,2018,강간·강제추행,검거,246
강서구,2018,절도,발생,1724
강서구,2018,절도,검거,982
강서구,2018,폭력,발생,2619
강서구,2018,폭력,검거,2229
강서구,2019,소계,발생,4924
강서구,2019,소계,검거,3543
강서구,2019,살인,발생,8
강서구,2019,살인,검거,9
강서구,2019,강도,발생,3
강서구,2019,강도,검거,4
강서구,2019,강간·강제추행,발생,306
강서구,2019,강간·강제추행,검거,257
강서구,2019,절도,발생,2050
강서구,2019,절도,검거,1077
강서구,2019,폭력,발생,2557
강서구,2019,폭력,검거,2196
강서구,2020,소계,발생,4415
강서구,2020,소계,검거,3393
강서구,2020,살인,발생,10
강서구,2020,살인,검거,9
강서구,2020,강도,발생,6
강서구,2020,강도,검거,5
강서구,2020,강간·강제추행,발생,265
강서구,2020,강간·강제추행,검거,222
강서구,2020,절도,발생,1689
강서구,2020,절도,검거,1070
강서구,2020,폭력,발생,2445
강서구,2020,폭력,검거,2087
강서구,2021,소계,발생,3896
강서구,2021,소계,검거,3044
강서구,2021,살인,발생,9
강서구,2021,살인,검거,7
강서구,2021,강도,발생,3
강서구,2021,강도,검거,3
강서구,2021,강간·강제추행,발생,246
강서구,2021,강간·강제추행,검거,188
강서구,2021,절도,발생,1540
강서구,2021,절도,검거,921
강서구,2021,폭력,발생,2098
강서구,2021,폭력,검거,1925
강서구,2022,소계,발생,4663
강서구,2022,소계,검거,3591
강서구,2022,살인,발생,3
강서구,2022,살인,검거,3
강서구,2022,강도,발생,7
강서구,2022,강도,검거,7
강서구,2022,강간·강제추행,발생,261
강서구,2022,강간·강제추행,검거,195
강서구,2022,절도,발생,1991
강서구,2022,절도,검거,1185
강서구,2022,폭력,발생,2401
강서구,2022,폭력,검거,2201
강서구,2023,소계,발생,4296
강서구,2023,소계,검거,3544
강서구,2023,살인,발생,1
강서구,2023,살인,검거,2
강서구,2023,강도,발생,6
강서구,2023,강도,검거,4
강서구,2023,강간·강제추행,발생,300
강서구,2023,강간·강제추행,검거,225
강서구,2023,절도,발생,1794
강서구,2023,절도,검거,1243
강서구,2023,폭력,발생,2195
강서구,2023,폭력,검거,2070
강서구,2024,소계,발생,4008
강서구,2024,소계,검거,3411
강서구,2024,살인,발생,5
강서구,2024,살인,검거,5
강서구,2024,강도,발생,6
강서구,2024,강도,검거,4
강서구,2024,강간·강제추행,발생,271
강서구,2024,강간·강제추행,검거,214
강서구,2024,절도,발생,1670
강서구,2024,절도,검거,1275
강서구,2024,폭력,발생,2056
강서구,2024,폭력,검거,1913
구로구,2014,소계,발생,5389
구로구,2014,소계,검거,2985
구로구,2014,살인,발생,3
구로구,2014,살인,검거,3
구로구,2014,강도,발생,14
구로구,2014,강도,검거,10
구로구,2014,강간·강제추행,발생,252
구로구,2014,강간·강제추행,검거,186
구로구,2014,절도,발생,2377
구로구,2014,절도,검거,579
구로구,2014,폭력,발생,2743
구로구,2014,폭력,검거,2207
구로구,2015,소계,발생,5646
구로구,2015,소계,검거,3502
구로구,2015,살인,발생,8
구로구,2015,살인,검거,6
구로구,2015,강도,발생,15
구로구,2015,강도,검거,11
구로구,2015,강간·강제추행,발생,281
구로구,2015,강간·강제추행,검거,164
구로구,2015,절도,발생,2335
구로구,2015,절도,검거,889
구로구,2015,폭력,발생,3007
구로구,2015,폭력,검거,2432
구로구,2016,소계,발생,5366
구로구,2016,소계,검거,3744
구로구,2016,살인,발생,9
구로구,2016,살인,검거,9
구로구,2016,강도,발생,10
구로구,2016,강도,검거,13
구로구,2016,강간·강제추행,발생,273
구로구,2016,강간·강제추행,검거,181
구로구,2016,절도,발생,1910
구로구,2016,절도,검거,861
구로구,2016,폭력,발생,3164
구로구,2016,폭력,검거,2680
구로구,2017,소계,발생,4895
구로구,2017,소계,검거,3408
구로구,2017,살인,발생,7
구로구,2017,살인,검거,8
구로구,2017,강도,발생,8
구로구,2017,강도,검거,6
구로구,2017,강간·강제추행,발생,328
구로구,2017,강간·강제추행,검거,181
구로구,2017,절도,발생,1725
구로구,2017,절도,검거,869
구로구,2017,폭력,발생,2827
구로구,2017,폭력,검거,2344
구로구,2018,소계,발생,4810
구로구,2018,소계,검거,3338
구로구,2018,살인,발생,8
구로구,2018,살인,검거,8
구로구,2018,강도,발생,9
구로구,2018,강도,검거,9
구로구,2018,강간·강제추행,발생,250
구로구,2018,강간·강제추행,검거,181
구로구,2018,절도,발생,1717
구로구,2018,절도,검거,787
구로구,2018,폭력,발생,2826
구로구,2018,폭력,검거,2353
구로구,2019,소계,발생,4707
구로구,2019,소계,검거,3291
구로구,2019,살인,발생,10
구로구,2019,살인,검거,9
구로구,2019,강도,발생,3
구로구,2019,강도,검거,4
구로구,2019,강간·강제추행,발생,226
구로구,2019,강간·강제추행,검거,165
구로구,2019,절도,발생,1916
구로구,2019,절도,검거,965
구로구,2019,폭력,발생,2552
구로구,2019,폭력,검거,2148
구로구,2020,소계,발생,4175
구로구,2020,소계,검거,2984
구로구,2020,살인,발생,6
구로구,2020,살인,검거,6
구로구,2020,강도,발생,5
구로구,2020,강도,검거,5
구로구,2020,강간·강제추행,발생,197
구로구,2020,강간·강제추행,검거,142
구로구,2020,절도,발생,1763
구로구,2020,절도,검거,1008
구로구,2020,폭력,발생,2204
구로구,2020,폭력,검거,1823
구로구,2021,소계,발생,3486
구로구,2021,소계,검거,2431
구로구,2021,살인,발생,5
구로구,2021,살인,검거,5
구로구,2021,강도,발생,2
구로구,2021,강도,검거,1
구로구,2021,강간·강제추행,발생,182
구로구,2021,강간·강제추행,검거,118
구로구,2021,절도,발생,1390
구로구,2021,절도,검거,770
구로구,2021,폭력,발생,1907
구로구,2021,폭력,검거,1537
구로구,2022,소계,발생,3857
구로구,2022,소계,검거,2732
구로구,2022,살인,발생,11
구로구,2022,살인,검거,11
구로구,2022,강도,발생,8
구로구,2022,강도,검거,9
구로구,2022,강간·강제추행,발생,217
구로구,2022,강간·강제추행,검거,145
구로구,2022,절도,발생,1565
구로구,2022,절도,검거,841
구로구,2022,폭력,발생,2056
구로구,2022,폭력,검거,1726
구로구,2023,소계,발생,3737
구로구,2023,소계,검거,2632
구로구,2023,살인,발생,12
구로구,2023,살인,검거,12
구로구,2023,강도,발생,7
구로구,2023,강도,검거,7
구로구,2023,강간·강제추행,발생,194
구로구,2023,강간·강제추행,검거,144
구로구,2023,절도,발생,1624
구로구,2023,절도,검거,849
구로구,2023,폭력,발생,1900
구로구,2023,폭력,검거,1620
구로구,2024,소계,발생,3378
구로구,2024,소계,검거,2463
구로구,2024,살인,발생,7
구로구,2024,살인,검거,6
구로구,2024,강도,발생,0
구로구,2024,강도,검거,1
구로구,2024,강간·강제추행,발생,186
구로구,2024,강간·강제추행,검거,133
구로구,2024,절도,발생,1572
구로구,2024,절도,검거,918
구로구,2024,폭력,발생,1613
구로구,2024,폭력,검거,1405
금천구,2014,소계,발생,3842
금천구,2014,소계,검거,2434
금천구,2014,살인,발생,7
금천구,2014,살인,검거,7
금천구,2014,강도,발생,9
금천구,2014,강도,검거,6
금천구,2014,강간·강제추행,발생,162
금천구,2014,강간·강제추행,검거,133
금천구,2014,절도,발생,1552
금천구,2014,절도,검거,496
금천구,2014,폭력,발생,2112
금천구,2014,폭력,검거,1792
금천구,2015,소계,발생,3781
금천구,2015,소계,검거,2796
금천구,2015,살인,발생,3
금천구,2015,살인,검거,4
금천구,2015,강도,발생,6
금천구,2015,강도,검거,6
금천구,2015,강간·강제추행,발생,151
금천구,2015,강간·강제추행,검거,122
금천구,2015,절도,발생,1567
금천구,2015,절도,검거,888
금천구,2015,폭력,발생,2054
금천구,2015,폭력,검거,1776
금천구,2016,소계,발생,3645
금천구,2016,소계,검거,2756
금천구,2016,살인,발생,6
금천구,2016,살인,검거,6
금천구,2016,강도,발생,7
금천구,2016,강도,검거,7
금천구,2016,강간·강제추행,발생,175
금천구,2016,강간·강제추행,검거,143
금천구,2016,절도,발생,1264
금천구,2016,절도,검거,654
금천구,2016,폭력,발생,2193
금천구,2016,폭력,검거,1946
금천구,2017,소계,발생,3265
금천구,2017,소계,검거,2572
금천구,2017,살인,발생,5
금천구,2017,살인,검거,5
금천구,2017,강도,발생,5
금천구,2017,강도,검거,5
금천구,2017,강간·강제추행,발생,240
금천구,2017,강간·강제추행,검거,212
금천구,2017,절도,발생,1141
금천구,2017,절도,검거,674
금천구,2017,폭력,발생,1874
금천구,2017,폭력,검거,1676
금천구,2018,소계,발생,3293
금천구,2018,소계,검거,2567
금천구,2018,살인,발생,6
금천구,2018,살인,검거,6
금천구,2018,강도,발생,7
금천구,2018,강도,검거,6
금천구,2018,강간·강제추행,발생,200
금천구,2018,강간·강제추행,검거,185
금천구,2018,절도,발생,1168
금천구,2018,절도,검거,645
금천구,2018,폭력,발생,1912
금천구,2018,폭력,검거,1725
금천구,2019,소계,발생,3105
금천구,2019,소계,검거,2343
금천구,2019,살인,발생,6
금천구,2019,살인,검거,6
금천구,2019,강도,발생,10
금천구,2019,강도,검거,6
금천구,2019,강간·강제추행,발생,153
금천구,2019,강간·강제추행,검거,126
금천구,2019,절도,발생,1157
금천구,2019,절도,검거,615
금천구,2019,폭력,발생,1779
금천구,2019,폭력,검거,1590
금천구,2020,소계,발생,2598
금천구,2020,소계,검거,1966
금천구,2020,살인,발생,4
금천구,2020,살인,검거,4
금천구,2020,강도,발생,7
금천구,2020,강도,검거,6
금천구,2020,강간·강제추행,발생,117
금천구,2020,강간·강제추행,검거,93
금천구,2020,절도,발생,999
금천구,2020,절도,검거,553
금천구,2020,폭력,발생,1471
금천구,2020,폭력,검거,1310
금천구,2021,소계,발생,2439
금천구,2021,소계,검거,1741
금천구,2021,살인,발생,7
금천구,2021,살인,검거,6
금천구,2021,강도,발생,3
금천구,2021,강도,검거,4
금천구,2021,강간·강제추행,발생,134
금천구,2021,강간·강제추행,검거,103
금천구,2021,절도,발생,1013
금천구,2021,절도,검거,520
금천구,2021,폭력,발생,1282
금천구,2021,폭력,검거,1108
금천구,2022,소계,발생,2577
금천구,2022,소계,검거,1887
금천구,2022,살인,발생,2
금천구,2022,살인,검거,1
금천구,2022,강도,발생,3
금천구,2022,강도,검거,3
금천구,2022,강간·강제추행,발생,127
금천구,2022,강간·강제추행,검거,87
금천구,2022,절도,발생,1118
금천구,2022,절도,검거,662
금천구,2022,폭력,발생,1327
금천구,2022,폭력,검거,1134
금천구,2023,소계,발생,2240
금천구,2023,소계,검거,1753
금천구,2023,살인,발생,4
금천구,2023,살인,검거,3
금천구,2023,강도,발생,5
금천구,2023,강도,검거,4
금천구,2023,강간·강제추행,발생,128
금천구,2023,강간·강제추행,검거,95
금천구,2023,절도,발생,987
금천구,2023,절도,검거,629
금천구,2023,폭력,발생,1116
금천구,2023,폭력,검거,1022
금천구,2024,소계,발생,2017
금천구,2024,소계,검거,1710
금천구,2024,살인,발생,7
금천구,2024,살인,검거,6
금천구,2024,강도,발생,3
금천구,2024,강도,검거,3
금천구,2024,강간·강제추행,발생,129
금천구,2024,강간·강제추행,검거,99
금천구,2024,절도,발생,886
금천구,2024,절도,검거,685
금천구,2024,폭력,발생,992
금천구,2024,폭력,검거,917
영등포구,2014,소계,발생,7003
영등포구,2014,소계,검거,4072
영등포구,2014,살인,발생,14
영등포구,2014,살인,검거,15
영등포구,2014,강도,발생,10
영등포구,2014,강도,검거,5
영등포구,2014,강간·강제추행,발생,250
영등포구,2014,강간·강제추행,검거,183
영등포구,2014,절도,발생,3080
영등포구,2014,절도,검거,892
영등포구,2014,폭력,발생,3649
영등포구,2014,폭력,검거,2977
영등포구,2015,소계,발생,6867
영등포구,2015,소계,검거,4154
영등포구,2015,살인,발생,14
영등포구,2015,살인,검거,12
영등포구,2015,강도,발생,22
영등포구,2015,강도,검거,20
영등포구,2015,강간·강제추행,발생,295
영등포구,2015,강간·강제추행,검거,183
영등포구,2015,절도,발생,2964
영등포구,2015,절도,검거,978
영등포구,2015,폭력,발생,3572
영등포구,2015,폭력,검거,2961
영등포구,2016,소계,발생,6322
영등포구,2016,소계,검거,4199
영등포구,2016,살인,발생,13
영등포구,2016,살인,검거,13
영등포구,2016,강도,발생,19
영등포구,2016,강도,검거,14
영등포구,2016,강간·강제추행,발생,356
영등포구,2016,강간·강제추행,검거,225
영등포구,2016,절도,발생,2341
영등포구,2016,절도,검거,940
영등포구,2016,폭력,발생,3593
영등포구,2016,폭력,검거,3007
영등포구,2017,소계,발생,5969
영등포구,2017,소계,검거,4012
영등포구,2017,살인,발생,15
영등포구,2017,살인,검거,13
영등포구,2017,강도,발생,5
영등포구,2017,강도,검거,5
영등포구,2017,강간·강제추행,발생,455
영등포구,2017,강간·강제추행,검거,267
영등포구,2017,절도,발생,2304
영등포구,2017,절도,검거,1108
영등포구,2017,폭력,발생,3190
영등포구,2017,폭력,검거,2619
영등포구,2018,소계,발생,5840
영등포구,2018,소계,검거,3922
영등포구,2018,살인,발생,17
영등포구,2018,살인,검거,15
영등포구,2018,강도,발생,8
영등포구,2018,강도,검거,6
영등포구,2018,강간·강제추행,발생,391
영등포구,2018,강간·강제추행,검거,267
영등포구,2018,절도,발생,2292
영등포구,2018,절도,검거,1064
영등포구,2018,폭력,발생,3132
영등포구,2018,폭력,검거,2570
영등포구,2019,소계,발생,5820
영등포구,2019,소계,검거,3787
영등포구,2019,살인,발생,10
영등포구,2019,살인,검거,10
영등포구,2019,강도,발생,3
영등포구,2019,강도,검거,3
영등포구,2019,강간·강제추행,발생,356
영등포구,2019,강간·강제추행,검거,239
영등포구,2019,절도,발생,2409
영등포구,2019,절도,검거,1068
영등포구,2019,폭력,발생,3042
영등포구,2019,폭력,검거,2467
영등포구,2020,소계,발생,5217
영등포구,2020,소계,검거,3371
영등포구,2020,살인,발생,7
영등포구,2020,살인,검거,4
영등포구,2020,강도,발생,6
영등포구,2020,강도,검거,5
영등포구,2020,강간·강제추행,발생,315
영등포구,2020,강간·강제추행,검거,252
영등포구,2020,절도,발생,2188
영등포구,2020,절도,검거,953
영등포구,2020,폭력,발생,2701
영등포구,2020,폭력,검거,2157
영등포구,2021,소계,발생,4179
영등포구,2021,소계,검거,2777
영등포구,2021,살인,발생,8
영등포구,2021,살인,검거,8
영등포구,2021,강도,발생,11
영등포구,2021,강도,검거,11
영등포구,2021,강간·강제추행,발생,279
영등포구,2021,강간·강제추행,검거,196
영등포구,2021,절도,발생,1712
영등포구,2021,절도,검거,831
영등포구,2021,폭력,발생,2169
영등포구,2021,폭력,검거,1731
영등포구,2022,소계,발생,4819
영등포구,2022,소계,검거,3186
영등포구,2022,살인,발생,5
영등포구,2022,살인,검거,6
영등포구,2022,강도,발생,10
영등포구,2022,강도,검거,9
영등포구,2022,강간·강제추행,발생,327
영등포구,2022,강간·강제추행,검거,237
영등포구,2022,절도,발생,2062
영등포구,2022,절도,검거,953
영등포구,2022,폭력,발생,2415
영등포구,2022,폭력,검거,1981
영등포구,2023,소계,발생,4418
영등포구,2023,소계,검거,3387
영등포구,2023,살인,발생,12
영등포구,2023,살인,검거,12
영등포구,2023,강도,발생,10
영등포구,2023,강도,검거,10
영등포구,2023,강간·강제추행,발생,310
영등포구,2023,강간·강제추행,검거,217
영등포구,2023,절도,발생,1854
영등포구,2023,절도,검거,1192
영등포구,2023,폭력,발생,2232
영등포구,2023,폭력,검거,1956
영등포구,2024,소계,발생,4167
영등포구,2024,소계,검거,3347
영등포구,2024,살인,발생,11
영등포구,2024,살인,검거,11
영등포구,2024,강도,발생,6
영등포구,2024,강도,검거,5
영등포구,2024,강간·강제추행,발생,284
영등포구,2024,강간·강제추행,검거,204
영등포구,2024,절도,발생,1791
영등포구,2024,절도,검거,1323
영등포구,2024,폭력,발생,2075
영등포구,2024,폭력,검거,1804
동작구,2014,소계,발생,3869
동작구,2014,소계,검거,2312
동작구,2014,살인,발생,2
동작구,2014,살인,검거,2
동작구,2014,강도,발생,9
동작구,2014,강도,검거,7
동작구,2014,강간·강제추행,발생,203
동작구,2014,강간·강제추행,검거,120
동작구,2014,절도,발생,1787
동작구,2014,절도,검거,603
동작구,2014,폭력,발생,1868
동작구,2014,폭력,검거,1580
동작구,2015,소계,발생,4074
동작구,2015,소계,검거,2397
동작구,2015,살인,발생,5
동작구,2015,살인,검거,5
동작구,2015,강도,발생,9
동작구,2015,강도,검거,5
동작구,2015,강간·강제추행,발생,285
동작구,2015,강간·강제추행,검거,139
동작구,2015,절도,발생,1865
동작구,2015,절도,검거,661
동작구,2015,폭력,발생,1910
동작구,2015,폭력,검거,1587
동작구,2016,소계,발생,3227
동작구,2016,소계,검거,2160
동작구,2016,살인,발생,8
동작구,2016,살인,검거,6
동작구,2016,강도,발생,7
동작구,2016,강도,검거,7
동작구,2016,강간·강제추행,발생,325
동작구,2016,강간·강제추행,검거,149
동작구,2016,절도,발생,1226
동작구,2016,절도,검거,554
동작구,2016,폭력,발생,1661
동작구,2016,폭력,검거,1444
동작구,2017,소계,발생,3330
동작구,2017,소계,검거,2242
동작구,2017,살인,발생,1
동작구,2017,살인,검거,1
동작구,2017,강도,발생,7
동작구,2017,강도,검거,9
동작구,2017,강간·강제추행,발생,396
동작구,2017,강간·강제추행,검거,173
동작구,2017,절도,발생,1226
동작구,2017,절도,검거,593
동작구,2017,폭력,발생,1700
동작구,2017,폭력,검거,1466
동작구,2018,소계,발생,3100
동작구,2018,소계,검거,2090
동작구,2018,살인,발생,3
동작구,2018,살인,검거,3
동작구,2018,강도,발생,7
동작구,2018,강도,검거,7
동작구,2018,강간·강제추행,발생,288
동작구,2018,강간·강제추행,검거,154
동작구,2018,절도,발생,1151
동작구,2018,절도,검거,532
동작구,2018,폭력,발생,1651
동작구,2018,폭력,검거,1394
동작구,2019,소계,발생,3400
동작구,2019,소계,검거,2195
동작구,2019,살인,발생,4
동작구,2019,살인,검거,2
동작구,2019,강도,발생,1
동작구,2019,강도,검거,1
동작구,2019,강간·강제추행,발생,251
동작구,2019,강간·강제추행,검거,110
동작구,2019,절도,발생,1328
동작구,2019,절도,검거,579
동작구,2019,폭력,발생,1816
동작구,2019,폭력,검거,1503
동작구,2020,소계,발생,3200
동작구,2020,소계,검거,2086
동작구,2020,살인,발생,1
동작구,2020,살인,검거,1
동작구,2020,강도,발생,1
동작구,2020,강도,검거,2
동작구,2020,강간·강제추행,발생,226
동작구,2020,강간·강제추행,검거,121
동작구,2020,절도,발생,1341
동작구,2020,절도,검거,592
동작구,2020,폭력,발생,1631
동작구,2020,폭력,검거,1370
동작구,2021,소계,발생,2631
동작구,2021,소계,검거,1829
동작구,2021,살인,발생,2
동작구,2021,살인,검거,3
동작구,2021,강도,발생,1
동작구,2021,강도,검거,1
동작구,2021,강간·강제추행,발생,180
동작구,2021,강간·강제추행,검거,94
동작구,2021,절도,발생,1129
동작구,2021,절도,검거,675
동작구,2021,폭력,발생,1319
동작구,2021,폭력,검거,1056
동작구,2022,소계,발생,2735
동작구,2022,소계,검거,1741
동작구,2022,살인,발생,2
동작구,2022,살인,검거,3
동작구,2022,강도,발생,5
동작구,2022,강도,검거,5
동작구,2022,강간·강제추행,발생,212
동작구,2022,강간·강제추행,검거,107
동작구,2022,절도,발생,1195
동작구,2022,절도,검거,588
동작구,2022,폭력,발생,1321
동작구,2022,폭력,검거,1038
동작구,2023,소계,발생,2642
동작구,2023,소계,검거,1763
동작구,2023,살인,발생,3
동작구,2023,살인,검거,2
동작구,2023,강도,발생,3
동작구,2023,강도,검거,4
동작구,2023,강간·강제추행,발생,191
동작구,2023,강간·강제추행,검거,107
동작구,2023,절도,발생,1183
동작구,2023,절도,검거,601
동작구,2023,폭력,발생,1262
동작구,2023,폭력,검거,1049
동작구,2024,소계,발생,2454
동작구,2024,소계,검거,1760
동작구,2024,살인,발생,1
동작구,2024,살인,검거,1
동작구,2024,강도,발생,1
동작구,2024,강도,검거,1
동작구,2024,강간·강제추행,발생,180
동작구,2024,강간·강제추행,검거,109
동작구,2024,절도,발생,1085
동작구,2024,절도,검거,598
동작구,2024,폭력,발생,1187
동작구,2024,폭력,검거,1051
관악구,2014,소계,발생,6781
관악구,2014,소계,검거,3701
관악구,2014,살인,발생,7
관악구,2014,살인,검거,8
관악구,2014,강도,발생,25
관악구,2014,강도,검거,22
관악구,2014,강간·강제추행,발생,361
관악구,2014,강간·강제추행,검거,238
관악구,2014,절도,발생,3029
관악구,2014,절도,검거,784
관악구,2014,폭력,발생,3359
관악구,2014,폭력,검거,2649
관악구,2015,소계,발생,6345
관악구,2015,소계,검거,3712
관악구,2015,살인,발생,9
관악구,2015,살인,검거,8
관악구,2015,강도,발생,12
관악구,2015,강도,검거,14
관악구,2015,강간·강제추행,발생,320
관악구,2015,강간·강제추행,검거,221
관악구,2015,절도,발생,2706
관악구,2015,절도,검거,827
관악구,2015,폭력,발생,3298
관악구,2015,폭력,검거,2642
관악구,2016,소계,발생,5678
관악구,2016,소계,검거,3925
관악구,2016,살인,발생,6
관악구,2016,살인,검거,7
관악구,2016,강도,발생,12
관악구,2016,강도,검거,10
관악구,2016,강간·강제추행,발생,322
관악구,2016,강간·강제추행,검거,264
관악구,2016,절도,발생,2103
관악구,2016,절도,검거,937
관악구,2016,폭력,발생,3235
관악구,2016,폭력,검거,2707
관악구,2017,소계,발생,5525
관악구,2017,소계,검거,4154
관악구,2017,살인,발생,8
관악구,2017,살인,검거,7
관악구,2017,강도,발생,7
관악구,2017,강도,검거,6
관악구,2017,강간·강제추행,발생,379
관악구,2017,강간·강제추행,검거,323
관악구,2017,절도,발생,1979
관악구,2017,절도,검거,1152
관악구,2017,폭력,발생,3152
관악구,2017,폭력,검거,2666
관악구,2018,소계,발생,5026
관악구,2018,소계,검거,3653
관악구,2018,살인,발생,9
관악구,2018,살인,검거,9
관악구,2018,강도,발생,10
관악구,2018,강도,검거,12
관악구,2018,강간·강제추행,발생,352
관악구,2018,강간·강제추행,검거,305
관악구,2018,절도,발생,2012
관악구,2018,절도,검거,1025
관악구,2018,폭력,발생,2643
관악구,2018,폭력,검거,2302
관악구,2019,소계,발생,5328
관악구,2019,소계,검거,3810
관악구,2019,살인,발생,13
관악구,2019,살인,검거,10
관악구,2019,강도,발생,10
관악구,2019,강도,검거,11
관악구,2019,강간·강제추행,발생,408
관악구,2019,강간·강제추행,검거,335
관악구,2019,절도,발생,2223
관악구,2019,절도,검거,1085
관악구,2019,폭력,발생,2674
관악구,2019,폭력,검거,2369
관악구,2020,소계,발생,5261
관악구,2020,소계,검거,3858
관악구,2020,살인,발생,12
관악구,2020,살인,검거,12
관악구,2020,강도,발생,3
관악구,2020,강도,검거,3
관악구,2020,강간·강제추행,발생,403
관악구,2020,강간·강제추행,검거,351
관악구,2020,절도,발생,2229
관악구,2020,절도,검거,1137
관악구,2020,폭력,발생,2614
관악구,2020,폭력,검거,2355
관악구,2021,소계,발생,4444
관악구,2021,소계,검거,3134
관악구,2021,살인,발생,8
관악구,2021,살인,검거,4
관악구,2021,강도,발생,7
관악구,2021,강도,검거,6
관악구,2021,강간·강제추행,발생,321
관악구,2021,강간·강제추행,검거,269
관악구,2021,절도,발생,1860
관악구,2021,절도,검거,929
관악구,2021,폭력,발생,2248
관악구,2021,폭력,검거,1926
관악구,2022,소계,발생,4879
관악구,2022,소계,검거,3411
관악구,2022,살인,발생,10
관악구,2022,살인,검거,8
관악구,2022,강도,발생,9
관악구,2022,강도,검거,8
관악구,2022,강간·강제추행,발생,327
관악구,2022,강간·강제추행,검거,279
관악구,2022,절도,발생,1966
관악구,2022,절도,검거,1050
관악구,2022,폭력,발생,2567
관악구,2022,폭력,검거,2066
관악구,2023,소계,발생,4769
관악구,2023,소계,검거,3496
관악구,2023,살인,발생,16
관악구,2023,살인,검거,17
관악구,2023,강도,발생,10
관악구,2023,강도,검거,10
관악구,2023,강간·강제추행,발생,328
관악구,2023,강간·강제추행,검거,268
관악구,2023,절도,발생,2013
관악구,2023,절도,검거,1166
관악구,2023,폭력,발생,2402
관악구,2023,폭력,검거,2035
관악구,2024,소계,발생,4485
관악구,2024,소계,검거,3516
관악구,2024,살인,발생,4
관악구,2024,살인,검거,5
관악구,2024,강도,발생,3
관악구,2024,강도,검거,2
관악구,2024,강간·강제추행,발생,338
관악구,2024,강간·강제추행,검거,284
관악구,2024,절도,발생,1971
관악구,2024,절도,검거,1212
관악구,2024,폭력,발생,2169
관악구,2024,폭력,검거,2013
서초구,2014,소계,발생,5558
서초구,2014,소계,검거,3122
서초구,2014,살인,발생,6
서초구,2014,살인,검거,9
서초구,2014,강도,발생,14
서초구,2014,강도,검거,12
서초구,2014,강간·강제추행,발생,285
서초구,2014,강간·강제추행,검거,184
서초구,2014,절도,발생,2747
서초구,2014,절도,검거,782
서초구,2014,폭력,발생,2506
서초구,2014,폭력,검거,2135
서초구,2015,소계,발생,5444
서초구,2015,소계,검거,3450
서초구,2015,살인,발생,8
서초구,2015,살인,검거,6
서초구,2015,강도,발생,9
서초구,2015,강도,검거,6
서초구,2015,강간·강제추행,발생,393
서초구,2015,강간·강제추행,검거,249
서초구,2015,절도,발생,2635
서초구,2015,절도,검거,1091
서초구,2015,폭력,발생,2399
서초구,2015,폭력,검거,2098
서초구,2016,소계,발생,4989
서초구,2016,소계,검거,3422
서초구,2016,살인,발생,5
서초구,2016,살인,검거,5
서초구,2016,강도,발생,13
서초구,2016,강도,검거,10
서초구,2016,강간·강제추행,발생,428
서초구,2016,강간·강제추행,검거,271
서초구,2016,절도,발생,2205
서초구,2016,절도,검거,1107
서초구,2016,폭력,발생,2338
서초구,2016,폭력,검거,2029
서초구,2017,소계,발생,4708
서초구,2017,소계,검거,3237
서초구,2017,살인,발생,9
서초구,2017,살인,검거,10
서초구,2017,강도,발생,13
서초구,2017,강도,검거,7
서초구,2017,강간·강제추행,발생,470
서초구,2017,강간·강제추행,검거,283
서초구,2017,절도,발생,1812
서초구,2017,절도,검거,835
서초구,2017,폭력,발생,2404
서초구,2017,폭력,검거,2102
서초구,2018,소계,발생,4726
서초구,2018,소계,검거,3183
서초구,2018,살인,발생,5
서초구,2018,살인,검거,5
서초구,2018,강도,발생,5
서초구,2018,강도,검거,5
서초구,2018,강간·강제추행,발생,470
서초구,2018,강간·강제추행,검거,315
서초구,2018,절도,발생,1851
서초구,2018,절도,검거,838
서초구,2018,폭력,발생,2395
서초구,2018,폭력,검거,2020
서초구,2019,소계,발생,5542
서초구,2019,소계,검거,3750
서초구,2019,살인,발생,5
서초구,2019,살인,검거,5
서초구,2019,강도,발생,7
서초구,2019,강도,검거,5
서초구,2019,강간·강제추행,발생,616
서초구,2019,강간·강제추행,검거,412
서초구,2019,절도,발생,2270
서초구,2019,절도,검거,1118
서초구,2019,폭력,발생,2644
서초구,2019,폭력,검거,2210
서초구,2020,소계,발생,4601
서초구,2020,소계,검거,3052
서초구,2020,살인,발생,5
서초구,2020,살인,검거,5
서초구,2020,강도,발생,6
서초구,2020,강도,검거,4
서초구,2020,강간·강제추행,발생,396
서초구,2020,강간·강제추행,검거,303
서초구,2020,절도,발생,2021
서초구,2020,절도,검거,960
서초구,2020,폭력,발생,2173
서초구,2020,폭력,검거,1780
서초구,2021,소계,발생,3656
서초구,2021,소계,검거,2439
서초구,2021,살인,발생,9
서초구,2021,살인,검거,9
서초구,2021,강도,발생,5
서초구,2021,강도,검거,5
서초구,2021,강간·강제추행,발생,312
서초구,2021,강간·강제추행,검거,228
서초구,2021,절도,발생,1503
서초구,2021,절도,검거,691
서초구,2021,폭력,발생,1827
서초구,2021,폭력,검거,1506
서초구,2022,소계,발생,4459
서초구,2022,소계,검거,3098
서초구,2022,살인,발생,3
서초구,2022,살인,검거,2
서초구,2022,강도,발생,3
서초구,2022,강도,검거,3
서초구,2022,강간·강제추행,발생,431
서초구,2022,강간·강제추행,검거,328
서초구,2022,절도,발생,1921
서초구,2022,절도,검거,1024
서초구,2022,폭력,발생,2101
서초구,2022,폭력,검거,1741
서초구,2023,소계,발생,4522
서초구,2023,소계,검거,3049
서초구,2023,살인,발생,7
서초구,2023,살인,검거,8
서초구,2023,강도,발생,9
서초구,2023,강도,검거,5
서초구,2023,강간·강제추행,발생,412
서초구,2023,강간·강제추행,검거,300
서초구,2023,절도,발생,1941
서초구,2023,절도,검거,934
서초구,2023,폭력,발생,2153
서초구,2023,폭력,검거,1802
서초구,2024,소계,발생,3788
서초구,2024,소계,검거,2928
서초구,2024,살인,발생,10
서초구,2024,살인,검거,10
서초구,2024,강도,발생,5
서초구,2024,강도,검거,2
서초구,2024,강간·강제추행,발생,364
서초구,2024,강간·강제추행,검거,312
서초구,2024,절도,발생,1585
서초구,2024,절도,검거,1017
서초구,2024,폭력,발생,1824
서초구,2024,폭력,검거,1587
강남구,2014,소계,발생,8851
강남구,2014,소계,검거,5262
강남구,2014,살인,발생,13
강남구,2014,살인,검거,9
강남구,2014,강도,발생,37
강남구,2014,강도,검거,29
강남구,2014,강간·강제추행,발생,512
강남구,2014,강간·강제추행,검거,403
강남구,2014,절도,발생,3895
강남구,2014,절도,검거,1193
강남구,2014,폭력,발생,4394
강남구,2014,폭력,검거,3628
강남구,2015,소계,발생,8617
강남구,2015,소계,검거,5732
강남구,2015,살인,발생,13
강남구,2015,살인,검거,10
강남구,2015,강도,발생,21
강남구,2015,강도,검거,18
강남구,2015,강간·강제추행,발생,449
강남구,2015,강간·강제추행,검거,349
강남구,2015,절도,발생,3850
강남구,2015,절도,검거,1650
강남구,2015,폭력,발생,4284
강남구,2015,폭력,검거,3705
강남구,2016,소계,발생,8149
강남구,2016,소계,검거,5905
강남구,2016,살인,발생,5
강남구,2016,살인,검거,5
강남구,2016,강도,발생,39
강남구,2016,강도,검거,42
강남구,2016,강간·강제추행,발생,516
강남구,2016,강간·강제추행,검거,413
강남구,2016,절도,발생,3587
강남구,2016,절도,검거,1918
강남구,2016,폭력,발생,4002
강남구,2016,폭력,검거,3527
강남구,2017,소계,발생,7720
강남구,2017,소계,검거,5321
강남구,2017,살인,발생,7
강남구,2017,살인,검거,7
강남구,2017,강도,발생,20
강남구,2017,강도,검거,24
강남구,2017,강간·강제추행,발생,607
강남구,2017,강간·강제추행,검거,496
강남구,2017,절도,발생,3130
강남구,2017,절도,검거,1383
강남구,2017,폭력,발생,3956
강남구,2017,폭력,검거,3411
강남구,2018,소계,발생,7513
강남구,2018,소계,검거,5196
강남구,2018,살인,발생,10
강남구,2018,살인,검거,13
강남구,2018,강도,발생,14
강남구,2018,강도,검거,10
강남구,2018,강간·강제추행,발생,600
강남구,2018,강간·강제추행,검거,523
강남구,2018,절도,발생,3004
강남구,2018,절도,검거,1317
강남구,2018,폭력,발생,3885
강남구,2018,폭력,검거,3333
강남구,2019,소계,발생,7304
강남구,2019,소계,검거,5069
강남구,2019,살인,발생,5
강남구,2019,살인,검거,3
강남구,2019,강도,발생,5
강남구,2019,강도,검거,6
강남구,2019,강간·강제추행,발생,666
강남구,2019,강간·강제추행,검거,562
강남구,2019,절도,발생,2970
강남구,2019,절도,검거,1339
강남구,2019,폭력,발생,3658
강남구,2019,폭력,검거,3159
강남구,2020,소계,발생,7356
강남구,2020,소계,검거,5245
강남구,2020,살인,발생,6
강남구,2020,살인,검거,5
강남구,2020,강도,발생,14
강남구,2020,강도,검거,11
강남구,2020,강간·강제추행,발생,708
강남구,2020,강간·강제추행,검거,627
강남구,2020,절도,발생,2951
강남구,2020,절도,검거,1491
강남구,2020,폭력,발생,3677
강남구,2020,폭력,검거,3111
강남구,2021,소계,발생,6146
강남구,2021,소계,검거,4397
강남구,2021,살인,발생,12
강남구,2021,살인,검거,11
강남구,2021,강도,발생,25
강남구,2021,강도,검거,23
강남구,2021,강간·강제추행,발생,578
강남구,2021,강간·강제추행,검거,454
강남구,2021,절도,발생,2372
강남구,2021,절도,검거,1160
강남구,2021,폭력,발생,3159
강남구,2021,폭력,검거,2749
강남구,2022,소계,발생,6947
강남구,2022,소계,검거,5020
강남구,2022,살인,발생,12
강남구,2022,살인,검거,10
강남구,2022,강도,발생,11
강남구,2022,강도,검거,10
강남구,2022,강간·강제추행,발생,667
강남구,2022,강간·강제추행,검거,534
강남구,2022,절도,발생,2495
강남구,2022,절도,검거,1207
강남구,2022,폭력,발생,3762
강남구,2022,폭력,검거,3259
강남구,2023,소계,발생,6763
강남구,2023,소계,검거,4992
강남구,2023,살인,발생,14
강남구,2023,살인,검거,11
강남구,2023,강도,발생,20
강남구,2023,강도,검거,18
강남구,2023,강간·강제추행,발생,678
강남구,2023,강간·강제추행,검거,567
강남구,2023,절도,발생,2480
강남구,2023,절도,검거,1284
강남구,2023,폭력,발생,3571
강남구,2023,폭력,검거,3112
강남구,2024,소계,발생,6107
강남구,2024,소계,검거,4570
강남구,2024,살인,발생,16
강남구,2024,살인,검거,17
강남구,2024,강도,발생,17
강남구,2024,강도,검거,12
강남구,2024,강간·강제추행,발생,640
강남구,2024,강간·강제추행,검거,533
강남구,2024,절도,발생,2097
강남구,2024,절도,검거,1140
강남구,2024,폭력,발생,3337
강남구,2024,폭력,검거,2868
송파구,2014,소계,발생,8004
송파구,2014,소계,검거,3982
송파구,2014,살인,발생,9
송파구,2014,살인,검거,8
송파구,2014,강도,발생,9
송파구,2014,강도,검거,10
송파구,2014,강간·강제추행,발생,255
송파구,2014,강간·강제추행,검거,195
송파구,2014,절도,발생,4199
송파구,2014,절도,검거,885
송파구,2014,폭력,발생,3532
송파구,2014,폭력,검거,2884
송파구,2015,소계,발생,6778
송파구,2015,소계,검거,4113
송파구,2015,살인,발생,11
송파구,2015,살인,검거,10
송파구,2015,강도,발생,13
송파구,2015,강도,검거,10
송파구,2015,강간·강제추행,발생,220
송파구,2015,강간·강제추행,검거,178
송파구,2015,절도,발생,3239
송파구,2015,절도,검거,1129
송파구,2015,폭력,발생,3295
송파구,2015,폭력,검거,2786
송파구,2016,소계,발생,6090
송파구,2016,소계,검거,4060
송파구,2016,살인,발생,9
송파구,2016,살인,검거,8
송파구,2016,강도,발생,15
송파구,2016,강도,검거,12
송파구,2016,강간·강제추행,발생,234
송파구,2016,강간·강제추행,검거,184
송파구,2016,절도,발생,2543
송파구,2016,절도,검거,1048
송파구,2016,폭력,발생,3289
송파구,2016,폭력,검거,2808
송파구,2017,소계,발생,5576
송파구,2017,소계,검거,3870
송파구,2017,살인,발생,6
송파구,2017,살인,검거,6
송파구,2017,강도,발생,1
송파구,2017,강도,검거,3
송파구,2017,강간·강제추행,발생,288
송파구,2017,강간·강제추행,검거,242
송파구,2017,절도,발생,2274
송파구,2017,절도,검거,1026
송파구,2017,폭력,발생,3007
송파구,2017,폭력,검거,2593
송파구,2018,소계,발생,5807
송파구,2018,소계,검거,4051
송파구,2018,살인,발생,5
송파구,2018,살인,검거,6
송파구,2018,강도,발생,6
송파구,2018,강도,검거,8
송파구,2018,강간·강제추행,발생,309
송파구,2018,강간·강제추행,검거,254
송파구,2018,절도,발생,2352
송파구,2018,절도,검거,1034
송파구,2018,폭력,발생,3135
송파구,2018,폭력,검거,2749
송파구,2019,소계,발생,5698
송파구,2019,소계,검거,3799
송파구,2019,살인,발생,7
송파구,2019,살인,검거,8
송파구,2019,강도,발생,10
송파구,2019,강도,검거,10
송파구,2019,강간·강제추행,발생,273
송파구,2019,강간·강제추행,검거,230
송파구,2019,절도,발생,2416
송파구,2019,절도,검거,1016
송파구,2019,폭력,발생,2992
송파구,2019,폭력,검거,2535
송파구,2020,소계,발생,5410
송파구,2020,소계,검거,3544
송파구,2020,살인,발생,6
송파구,2020,살인,검거,6
송파구,2020,강도,발생,13
송파구,2020,강도,검거,17
송파구,2020,강간·강제추행,발생,287
송파구,2020,강간·강제추행,검거,235
송파구,2020,절도,발생,2429
송파구,2020,절도,검거,1006
송파구,2020,폭력,발생,2675
송파구,2020,폭력,검거,2280
송파구,2021,소계,발생,4714
송파구,2021,소계,검거,3266
송파구,2021,살인,발생,3
송파구,2021,살인,검거,3
송파구,2021,강도,발생,7
송파구,2021,강도,검거,6
송파구,2021,강간·강제추행,발생,247
송파구,2021,강간·강제추행,검거,216
송파구,2021,절도,발생,2024
송파구,2021,절도,검거,995
송파구,2021,폭력,발생,2433
송파구,2021,폭력,검거,2046
송파구,2022,소계,발생,5167
송파구,2022,소계,검거,3409
송파구,2022,살인,발생,2
송파구,2022,살인,검거,2
송파구,2022,강도,발생,5
송파구,2022,강도,검거,6
송파구,2022,강간·강제추행,발생,290
송파구,2022,강간·강제추행,검거,220
송파구,2022,절도,발생,2201
송파구,2022,절도,검거,1033
송파구,2022,폭력,발생,2669
송파구,2022,폭력,검거,2148
송파구,2023,소계,발생,5223
송파구,2023,소계,검거,3520
송파구,2023,살인,발생,8
송파구,2023,살인,검거,5
송파구,2023,강도,발생,9
송파구,2023,강도,검거,8
송파구,2023,강간·강제추행,발생,307
송파구,2023,강간·강제추행,검거,229
송파구,2023,절도,발생,2416
송파구,2023,절도,검거,1243
송파구,2023,폭력,발생,2483
송파구,2023,폭력,검거,2035
송파구,2024,소계,발생,5174
송파구,2024,소계,검거,3790
송파구,2024,살인,발생,6
송파구,2024,살인,검거,5
송파구,2024,강도,발생,3
송파구,2024,강도,검거,5
송파구,2024,강간·강제추행,발생,315
송파구,2024,강간·강제추행,검거,255
송파구,2024,절도,발생,2502
송파구,2024,절도,검거,1506
송파구,2024,폭력,발생,2348
송파구,2024,폭력,검거,2019
강동구,2014,소계,발생,5392
강동구,2014,소계,검거,3285
강동구,2014,살인,발생,5
강동구,2014,살인,검거,4
강동구,2014,강도,발생,10
강동구,2014,강도,검거,8
강동구,2014,강간·강제추행,발생,148
강동구,2014,강간·강제추행,검거,129
강동구,2014,절도,발생,2425
강동구,2014,절도,검거,827
강동구,2014,폭력,발생,2804
강동구,2014,폭력,검거,2317
강동구,2015,소계,발생,5244
강동구,2015,소계,검거,3171
강동구,2015,살인,발생,4
강동구,2015,살인,검거,3
강동구,2015,강도,발생,6
강동구,2015,강도,검거,8
강동구,2015,강간·강제추행,발생,156
강동구,2015,강간·강제추행,검거,123
강동구,2015,절도,발생,2366
강동구,2015,절도,검거,789
강동구,2015,폭력,발생,2712
강동구,2015,폭력,검거,2248
강동구,2016,소계,발생,4462
강동구,2016,소계,검거,3273
강동구,2016,살인,발생,4
강동구,2016,살인,검거,5
강동구,2016,강도,발생,14
강동구,2016,강도,검거,13
강동구,2016,강간·강제추행,발생,160
강동구,2016,강간·강제추행,검거,152
강동구,2016,절도,발생,1754
강동구,2016,절도,검거,902
강동구,2016,폭력,발생,2530
강동구,2016,폭력,검거,2201
강동구,2017,소계,발생,4261
강동구,2017,소계,검거,3245
강동구,2017,살인,발생,5
강동구,2017,살인,검거,6
강동구,2017,강도,발생,10
강동구,2017,강도,검거,12
강동구,2017,강간·강제추행,발생,172
강동구,2017,강간·강제추행,검거,169
강동구,2017,절도,발생,1645
강동구,2017,절도,검거,949
강동구,2017,폭력,발생,2429
강동구,2017,폭력,검거,2109
강동구,2018,소계,발생,3919
강동구,2018,소계,검거,2789
강동구,2018,살인,발생,3
강동구,2018,살인,검거,3
강동구,2018,강도,발생,7
강동구,2018,강도,검거,7
강동구,2018,강간·강제추행,발생,170
강동구,2018,강간·강제추행,검거,143
강동구,2018,절도,발생,1515
강동구,2018,절도,검거,765
강동구,2018,폭력,발생,2224
강동구,2018,폭력,검거,1871
강동구,2019,소계,발생,4014
강동구,2019,소계,검거,2955
강동구,2019,살인,발생,6
강동구,2019,살인,검거,5
강동구,2019,강도,발생,15
강동구,2019,강도,검거,14
강동구,2019,강간·강제추행,발생,180
강동구,2019,강간·강제추행,검거,155
강동구,2019,절도,발생,1650
강동구,2019,절도,검거,907
강동구,2019,폭력,발생,2163
강동구,2019,폭력,검거,1874
강동구,2020,소계,발생,3788
강동구,2020,소계,검거,2662
강동구,2020,살인,발생,3
강동구,2020,살인,검거,3
강동구,2020,강도,발생,15
강동구,2020,강도,검거,14
강동구,2020,강간·강제추행,발생,188
강동구,2020,강간·강제추행,검거,167
강동구,2020,절도,발생,1640
강동구,2020,절도,검거,781
강동구,2020,폭력,발생,1942
강동구,2020,폭력,검거,1697
강동구,2021,소계,발생,3458
강동구,2021,소계,검거,2462
강동구,2021,살인,발생,3
강동구,2021,살인,검거,3
강동구,2021,강도,발생,6
강동구,2021,강도,검거,6
강동구,2021,강간·강제추행,발생,124
강동구,2021,강간·강제추행,검거,103
강동구,2021,절도,발생,1612
강동구,2021,절도,검거,889
강동구,2021,폭력,발생,1713
강동구,2021,폭력,검거,1461
강동구,2022,소계,발생,3711
강동구,2022,소계,검거,2644
강동구,2022,살인,발생,5
강동구,2022,살인,검거,6
강동구,2022,강도,발생,5
강동구,2022,강도,검거,5
강동구,2022,강간·강제추행,발생,157
강동구,2022,강간·강제추행,검거,134
강동구,2022,절도,발생,1672
강동구,2022,절도,검거,900
강동구,2022,폭력,발생,1872
강동구,2022,폭력,검거,1599
강동구,2023,소계,발생,3398
강동구,2023,소계,검거,2495
강동구,2023,살인,발생,4
강동구,2023,살인,검거,6
강동구,2023,강도,발생,5
강동구,2023,강도,검거,4
강동구,2023,강간·강제추행,발생,144
강동구,2023,강간·강제추행,검거,122
강동구,2023,절도,발생,1676
강동구,2023,절도,검거,980
강동구,2023,폭력,발생,1569
강동구,2023,폭력,검거,1383
강동구,2024,소계,발생,3350
강동구,2024,소계,검거,2510
강동구,2024,살인,발생,3
강동구,2024,살인,검거,4
강동구,2024,강도,발생,4
강동구,2024,강도,검거,4
강동구,2024,강간·강제추행,발생,164
강동구,2024,강간·강제추행,검거,140
강동구,2024,절도,발생,1662
강동구,2024,절도,검거,990
강동구,2024,폭력,발생,1517
강동구,2024,폭력,검거,1372
